1,DATOOUHTADEU,dat"o:u:tadOY,"o:u:,DE
2,ATASÖTTADAU,Qataz"9tadaU,z"9,DE
3,DATASCHAHTADEU,dataZ"a:tadOY,Z"a:,DE
4,ATATAITADEU,Qatat"aItadOY,t"aI,DE
5,DATAFÜHTADEU,da:taf"y:tadOY,f"y:,DE
6,PATÄPFADAU,pat"Epfa:daU,"Epf,DE
9,ATÄOTTADAU,Qat"EOtadaU,"EO,DE
10,ATASÄTTADAU,Qataz"EtadaU,z"E,DE
11,DATAFAHTADEU,da:taf"a:tadOY,f"a:,DE
13,ADOPPADAI,Qad"OpadaI,"Op,DE
15,ATABATTADAU,Qatab"atadaU,b"a,DE
17,ADUH ADAI,Qad"u:QadaI,"u:Q,DE
18,ATTECHAUTADEU,QatEC"aUtadOY,C"aU,DE
19,ATAMÖTTADAU,Qatam"9tadaU,m"9,DE
20,ATAIATTADAU,Qat"aIatadaU,"aIa,DE
21,ATASCHEITADEU,QataZ"aItadOY,Z"aI,DE
23,ATAÖTTADAU,Qat"a9tadaU,"a9,DE
25,ATÖRRADEU,Qat"9RadOY,"9R,DE
26,ATÜÖTTADAU,QatY"9tadaU,Y"9,DE
27,ATTÖEDADEU,Qat"9@da:daU,"9@,DE
28,DATTERUHTADEU,dat6"u:tadOY,6"u:,DE
30,DATACHUHTADEU,da:tax"u:tadOY,x"u:,DE
31,ATANATTADAU,Qatan"atadaU,n"a,DE
32,PATEUPFADAU,pat"OYpfa:daU,"OYpf,DE
33,DATAFIEHTADEU,da:taf"i:tadOY,f"i:,DE
35,DATATZIEHTADEU,datats"i:tadOY,ts"i:,DE
36,ATASATTADAU,Qatas"atadaU,s"a,DE
37,PATAUKADAU,pat"aUkadaU,"aUk,DE
38,ATAMÄTTADAU,Qatam"EtadaU,m"E,DE
40,ADAHSADAI,Qad"a:sadaI,"a:s,DE
42,DATAUÄHTADEU,da:t"aUE:tadOY,"aUE:,DE
44,DATADEHTADEU,da:tad"e:tadOY,d"e:,DE
45,ATAPÄTTADAU,Qatap"EtadaU,p"E,DE
46,PATÜCKADAU,pat"YkadaU,"Yk,DE
49,ATUITTADAU,Qatu:"ItadaU,u:"I,DE
51,ADAUBADAI,Qad"aUba:daI,"aUb,DE
52,ADÄHPADAI,Qad"E:padaI,"E:p,DE
53,ADÖWWADAI,Qad"9vadaI,"9v,DE
54,ADEUSCHADAI,Qad"OYSa:daI,"OYS,DE
56,ADEETADEI,Qad"e:tadaI,"e:t,DE
58,ATUATTADAU,Qatu:"atadaU,u:"a,DE
61,DATEUÖHTADEU,da:t"OY2:tadOY,"OY2:,DE
62,ATUÄTTADAU,Qatu:"EtadaU,u:"E,DE
63,ATACHATTADAU,Qatax"atadaU,x"a,DE
64,ATEECHADEU,Qa:t"e:CadOY,"e:C,DE
65,DATASCHUHTADEU,dataZ"u:tadOY,Z"u:,DE
67,ADAIWADEU,Qad"aIva:daU,"aIv,DE
69,ATADITTADAU,Qatad"ItadaU,d"I,DE
70,ADACHADAI,Qad"axadaI,"ax,DE
71,DATUÄHTADEU,datu:"E:tadOY,u:"E:,DE
78,ATAIEDADEU,Qat"aI@da:daU,"aI@,DE
79,ATAJADEU,Qat"aja:daU,"aj,DE
81,ATAGUTTADAU,Qata:g"UtadaU,g"U,DE
82,DATATOHTADEU,datat"o:tadOY,t"o:,DE
83,ATIMMADEU,Qat"Ima:daU,"Im,DE
84,ATAITTADAU,Qat"aItadaU,"aI,DE
85,ADAISCHADEU,Qad"aIZadOY,"aIZ,DE
86,ATAPFÖTTADAU,Qatapf"9tadaU,pf"9,DE
89,ADÖH ADAI,Qad"2:QadaI,"2:Q,DE
91,ADÖHBADAI,Qad"2:ba:daI,"2:b,DE
92,ADÜCHADAI,Qad"YCadaI,"YC,DE
94,DATEUÜHTADEU,da:t"OYy:tadOY,"OYy:,DE
97,ATAFÖTTADAU,Qataf"9tadaU,f"9,DE
98,PATÜPFADAU,pat"Ypfa:daU,"Ypf,DE
99,ATASCHÖTTADAU,QataZ"9tadaU,Z"9,DE
101,ATANGÜTTADAU,QataN"YtadaU,N"Y,DE
102,ADAH ADAI,Qad"a:QadaI,"a:Q,DE
104,PATEEFADAU,pa:t"e:fa:daU,"e:f,DE
106,ATATZÜTTADAU,Qatats"YtadaU,ts"Y,DE
108,ADIDDADAI,Qad"IdadaI,"Id,DE
110,DATEEOHTADEU,da:t"e:o:tadOY,"e:o:,DE
111,DATUAHTADEU,datu:"a:tadOY,u:"a:,DE
114,DATÄUHTADEU,dat"E:u:tadOY,"E:u:,DE
115,ATAPFAUTADEU,Qatapf"aUtadOY,pf"aU,DE
118,ATAPAUTADEU,Qatap"aUtadOY,p"aU,DE
121,PATÜHGADAU,pat"y:gadaU,"y:g,DE
123,ATAMUTTADAU,Qatam"UtadaU,m"U,DE
125,ADISSADDU,Qa:dIsad"U,"U*,DE
131,ATEEUTTADAU,Qa:t"e:UtadaU,"e:U,DE
133,ATAPITTADAU,Qatap"ItadaU,p"I,DE
134,ATAÜTTADAU,Qat"aYtadaU,"aY,DE
137,DATASAHTADEU,da:taz"a:tadOY,z"a:,DE
139,DATTECHOHTADEU,dat@C"o:tadOY,C"o:,DE
141,ATAPFAITADEU,Qatapf"aItadOY,pf"aI,DE
142,ADÄHSADAI,Qad"E:zadaI,"E:z,DE
143,ATIEERDADEU,Qat"i:6da:daU,"i:6,DE
144,DATAWAHTADEU,da:tav"a:tadOY,v"a:,DE
147,PATAFFADAU,pat"afa:daU,"af,DE
150,ATAIERDADEU,Qat"aI6da:daU,"aI6,DE
151,ADÜHWADAI,Qad"y:vadaI,"y:v,DE
152,DATAKÖHTADEU,da:tak"2:tadOY,k"2:,DE
153,PATIPFADAU,pat"Ipfa:daU,"Ipf,DE
154,ADÖHSCHADAI,Qad"2:Sa:daI,"2:S,DE
155,ATÖUTTADAU,Qat"2:UtadaU,"2:U,DE
156,ATASOTTADAU,Qataz"OtadaU,z"O,DE
157,DATATÖHTADEU,datat"2:tadOY,t"2:,DE
158,DATADÄHTADEU,da:tad"E:tadOY,d"E:,DE
161,ATÜNNADEU,Qat"YnadOY,"Yn,DE
162,ATA ÖTTADAU,QataQ"9tadaU,Q"9,DE
163,ATASEUTADAU,Qatas"OYtadaU,s"OY,DE
168,ATÄHNADEU,Qat"E:nadOY,"E:n,DE
171,ADAHWADAI,Qad"a:vadaI,"a:v,DE
172,ADAHSCHADAI,Qad"a:Za:daI,"a:Z,DE
173,ATAOTTADAU,Qat"aOtadaU,"aO,DE
174,ATIERADEU,Qat"i:RadEU,"i:R,DE
175,ADUTTADEI,Qad"UtadaI,"Ut,DE
177,PATÄHPFADAU,pat"E:pfa:daU,"E:pf,DE
178,DATÜIEHTADEU,daty:"i:tadOY,y:"i:,DE
179,DATTERÖHTADEU,dat6"2:tadOY,6"2:,DE
182,PATOGGADAU,pat"OgadaU,"Og,DE
184,DATABUHTADEU,da:tab"u:tadOY,b"u:,DE
186,ATAMMADEU,Qat"ama:daU,"am,DE
187,ADAI ADAU,Qad"aIQadaU,"aIQ,DE
188,ATALATTADAU,Qatal"atadaU,l"a,DE
189,DATIEAHTADEU,dati:"a:tadOY,i:"a:,DE
190,ATABÖTTADAU,Qatab"9tadaU,b"9,DE
191,ATÜHADEU,Qat"YhadOY,"Yh,DE
193,ADISSADÖH,Qa:dIsad"2:,"2:*,DE
194,DATANÜHTADEU,da:tan"y:tadOY,n"y:,DE
195,PATÜGGADAU,pat"YgadaU,"Yg,DE
197,DATAJÜHTADEU,da:taj"y:tadOY,j"y:,DE
198,ATASCHUTTADAU,QataZ"UtadaU,Z"U,DE
199,DATAWEHTADEU,da:tav"e:tadOY,v"e:,DE
200,ATAHATTADAU,Qatah"atadaU,h"a,DE
201,ADOHSCHADAI,Qad"o:Sa:daI,"o:S,DE
202,ATAKÖTTADAU,Qatak"9tadaU,k"9,DE
204,DATAGEHTADEU,da:ta:g"e:tadOY,g"e:,DE
206,DATALAHTADEU,datal"a:tadOY,l"a:,DE
207,ADOHSADEI,Qad"o:zadaI,"o:z,DE
211,ATASCHITTADAU,QataS"ItadaU,S"I,DE
212,DATAAUHTADEU,da:t"a:u:tadOY,"a:u:,DE
213,ATASÄTTADAU,Qatas"EtadaU,s"E,DE
214,ATAFÜTTADAU,Qataf"YtadaU,f"Y,DE
216,DATOOÖHTADEU,dt"o:2:tadOY,"o:2:,DE
217,ATAFUTTADAU,Qataf"UtadaU,f"U,DE
219,ADÄBBADAI,Qad"Eba:daI,"Eb,DE
220,ATÄHUTTADAU,Qat"E:UtadaU,"E:U,DE
221,ATEUATTADAU,Qat"OYatadaU,"OYa,DE
222,ADAUSADAI,Qad"aUsadaI,"aUs,DE
223,ATA ÄTTADAU,Qata:Q"EtadaU,Q"E,DE
225,DATUOHTADEU,datu:"o:tadOY,u:"o:,DE
227,ATAIÜTTADAU,Qat"aIYtadaU,"aIY,DE
228,ATOHRADEU,Qat"o:RadoY,"o:R,DE
232,ATAPFITTADAU,Qatapf"ItadaU,pf"I,DE
233,ATEURADEU,Qat"OYRadOY,"OYR,DE
235,ATATZEITADEU,Qatats"aItadOY,ts"aI,DE
236,DATATAHTADEU,datat"a:tadOY,t"a:,DE
237,DATALÄHTADEU,datal"E:tadOY,l"E:,DE
238,DATEEAHTADEU,da:te:"a:tadOY,e:"a:,DE
239,DATEUIEHTADEU,da:t"OYi:tadOY,"OYi:,DE
240,ATATSCHAUTADEU,QatatS"aUtadOY,tS"aU,DE
241,DATAMÜHTADEU,da:tam"y:tadOY,m"y:,DE
242,ATAHCHADEU,Qat"a:xadOY,"a:x,DE
243,ATÜJJADEU,Qat"Yja:daU,"Yj,DE
245,DATASCHIEHTADEU,dataZ"i:tadOY,Z"i:,DE
246,ATTECHÜTTADAU,QatEC"YtadaU,C"Y,DE
248,ATAHÜTTADAU,Qatah"YtadaU,h"Y,DE
251,ATÖLLADEU,Qat"9la:daU,"9l,DE
252,DATANGÜHTADEU,dataN"y:tadOY,N"y:,DE
253,ATÜÖTTADAU,Qaty:"9tadaU,y:"9,DE
255,ATATEUTADAU,Qatat"OYtadaU,t"OY,DE
256,ATAUJADEU,Qat"aUja:daU,"aUj,DE
257,ATANÜTTADAU,Qatan"YtadaU,n"Y,DE
259,ADAHTZADAI,Qad"a:tsadaI,"a:ts,DE
261,ATTÖERDADEU,Qat"96da:daU,"96,DE
264,DATÄÜHTADEU,dat"Ey:tadOY,"Ey:,DE
266,ATAJÖTTADAU,Qataj"9tadaU,j"9,DE
268,DATAWÜHTADEU,da:tav"y:tadOY,v"y:,DE
269,ATA ÖHTADEU,QataQ"2:tadOY,Q"2:,DE
270,ATÄMMADEU,Qat"Ema:daU,"Em,DE
271,ADIETADAI,Qad"i:tadaI,"i:t,DE
274,ATAWUTTADAU,Qatav"UtadaU,v"U,DE
275,ATÖHLADEU,Qat"2:la:daU,"2:l,DE
277,DATABEHTADEU,da:tab"e:tadOY,b"e:,DE
278,ADÄHSADAI,Qad"E:sadaI,"E:s,DE
279,ATA AITANEU,QataQ"aItanOY,Q"aI,DE
280,ADATSCHADAI,Qad"atSadaI,"atS,DE
281,PATOHFADAU,pat"o:fa:daU,"o:f,DE
282,ADODDADAI,Qad"OdadaI,"Od,DE
284,DATAEHTADEU,dat"ae:tadOY,"ae:,DE
285,PATICKADAU,pat"IkadaU,"Ik,DE
286,DATEUOHTADEU,da:t"OYo:tadOY,"OYo:,DE
290,ADÖTSCHADAI,Qad"9tSadaI,"9tS,DE
291,PATAUFADAU,patQ"aUfQadaU,"aUf,DE
292,DATASCHÖHTADEU,dataZ"2:tadOY,Z"2:,DE
294,ADÄTTADAI,Qad"EtadaI,"Et,DE
295,ADUHSCHADAI,Qad"u:ZadaI,"u:Z,DE
296,ATAFITTADAU,Qataf"ItadaU,f"I,DE
297,DATASUHTADEU,datas"u:tadOY,s"u:,DE
299,PATÖHPFADAU,pat"2:pfa:daU,"2:pf,DE
300,ATTECHEUTADEU,QatEC"OYtadOY,C"OY,DE
303,ATANOTTADAU,Qatan"OtadaU,n"O,DE
305,ATAPFEUTADEU,Qatapf"OYtadOY,pf"OY,DE
306,ATAGITTADAU,Qatag"ItadaU,g"I,DE
307,PATAIKADAU,pat"aIkadaU,"aIk,DE
308,ADAWWADAI,Qad"avadaI,"av,DE
309,ADAIBADAU,Qad"aIba:daU,"aIb,DE
310,ADEEBADAI,Qad"e:ba:daI,"e:b,DE
311,DATALIEHTADEU,datal"i:tadOY,l"i:,DE
312,ATTERÜTTADAU,Qat6"YtadaU,6"Y,DE
313,ATAUERTADEU,Qat"aU6tadOY,"aU6,DE
314,ADOHDADAI,Qad"o:dadaI,"o:d,DE
315,ATAKEUTADAU,Qata:k"OYtadaU,k"OY,DE
316,ATTECHATTADAU,QatEC"atadaU,C"a,DE
318,ATÖHRADEU,Qat"2:RadOY,"2:R,DE
319,ADI ADAI,Qad"IQadaI,"IQ,DE
322,ATÖHADEU,Qat"9hadOY,"9h,DE
323,PATÖCKADAU,pat"9kadaU,"9k,DE
324,PATOHGADAU,pat"o:gadaU,"o:g,DE
325,ATTÖATTADAU,Qat9"atadaU,9"a,DE
326,ATARÜTTADAU,QataR"YtadaU,R"Y,DE
327,ATÖNNADEU,Qat"9nadOY,"9n,DE
328,ATEHEDADEU,Qa:t"e:@da:daU,"e:@,DE
329,ATIENADEU,Qat"i:nadOY,"i:n,DE
330,ATAFOTTADAU,Qataf"OtadaU,f"O,DE
337,DATAJÄHTADEU,da:taj"E:tadOY,j"E:,DE
338,ATEUOTTADAU,Qat"OYOtadaU,"OYO,DE
339,ADIESCHADAI,Qad"i:ZadaI,"i:Z,DE
340,ATAJUTTADAU,Qataj"UtadaU,j"U,DE
341,ATA EUTANEU,QataQ"OYtanOY,Q"OY,DE
345,ATATATTADAU,Qat"atatadaU,t"a,DE
346,ADÜHPADAI,Qad"y:padaI,"y:p,DE
348,DATATZÄHTADEU,datats"E:tadOY,ts"E:,DE
351,DATAWÄHTADEU,da:tav"E:tadOY,v"E:,DE
352,ATANEITADEU,Qatan"aItadOY,n"aI,DE
353,ADUTSCHADAI,Qad"UtSa:daI,"UtS,DE
354,PATOHPFADAU,pat"o:pfa:daU,"o:pf,DE
361,ADAISCHADEU,Qad"aISa:dOY,"aIS,DE
364,ADEUSADAI,Qad"OYsadaI,"OYs,DE
365,DATAHÄHTADEU,da:tah"E:tadOY,h"E:,DE
366,ADÖHTSCHADAI,Qad"2:tSa:daI,"2:tS,DE
368,ADEESCHADAI,Qad"e:ZadaI,"e:Z,DE
370,DATAPFUHTADEU,da:tapf"u:tadOY,pf"u:,DE
372,ATANGEITADEU,QataN"aItadOY,N"aI,DE
373,DATACHIEHTADEU,da:tax"i:tadOY,x"i:,DE
374,DATAIOHTADEU,da:t"aIo:tadOY,"aIo:,DE
375,ATÄÖTTADAU,Qat"E9tadaU,"E9,DE
376,ATAPUTTADAU,Qatap"UtadaU,p"U,DE
377,ADIECHADAI,Qad"i:CadaI,"i:C,DE
378,ATASCHITTADAU,QataZ"ItadaU,Z"I,DE
379,DATEUÄHTADEU,da:t"OYE:tadOY,"OYE:,DE
381,ATASCHÜTTADAU,QataZ"YtadaU,Z"Y,DE
382,ATAIHADEU,Qat"aIhadOY,"aIh,DE
383,DATÖUHTADEU,dat"2:u:tadOY,"2:u:,DE
385,ATATÜTTADAU,Qatat"YtadaU,t"Y,DE
386,ATATÖTTADAU,Qatat"9tadaU,t"9,DE
387,ADUHTADAI,Qad"u:tadaI,"u:t,DE
388,DATASÖHTADEU,datas"2:tadOY,s"2:,DE
389,ATAHITTADAU,Qatah"ItadaU,h"I,DE
390,ATAUNADEU,Qat"aUnadOY,"aUn,DE
391,ADÜPPADAI,Qad"YpadaI,"Yp,DE
392,ATTECHUTTADAU,QatEC"UtadaU,C"U,DE
393,DATASAHTADEU,datas"a:tadOY,s"a:,DE
394,ADAHSADAI,Qad"a:zadaI,"a:z,DE
395,ATIRRADEU,Qat"IRadOY,"IR,DE
397,ATUHHADEU,Qat"u:hadOY,"u:h,DE
398,PATÄHGADAU,pat"E:gadaU,"E:g,DE
399,DATAHOHTADEU,da:tah"o:tadOY,h"o:,DE
400,ADÖHDADAI,Qad"2:dadaI,"2:d,DE
401,ATAUÜTTADAU,Qat"aUYtadaU,"aUY,DE
402,ADITZADAI,Qad"ItsadaI,"Its,DE
403,DATAKEHTADEU,da:ta:k"e:tadOY,k"e:,DE
404,DATAMEHTADEU,da:tam"e:tadOY,m"e:,DE
406,PATEUGADAU,pat"OYgadaU,"OYg,DE
407,ATAINADEU,Qat"aInadOY,"aIn,DE
409,DATALÜHTADEU,datal"y:tadOY,l"y:,DE
412,ATIEATTADAU,Qati:"atadaU,i:"a,DE
414,DATTERÄHTADEU,dat6"E:tadOY,6"E:,DE
415,ATAPFATTADAU,Qatapf"atadaU,pf"a,DE
416,ATARÖTTADAU,QataR"9tadaU,R"9,DE
417,ATACHOTTADAU,Qatax"OtadaU,x"O,DE
422,ATÄHRADEU,Qat"E:RadOY,"E:R,DE
423,DATIEUHTADEU,dat"i:u:htadOY,"i:u:,DE
424,ADÄ ADAI,Qad"EQadaI,"EQ,DE
427,ATÜATTADAU,QatY"atadaU,Y"a,DE
430,PATUFFADAU,pat"Ufa:daU,"Uf,DE
431,ATASÜTTADAU,Qatas"YtadaU,s"Y,DE
432,DATATZÖHTADEU,datats"2:tadOY,ts"2:,DE
433,ADÜ ADAI,Qad"YQadaI,"YQ,DE
435,DATAPFÜHTADEU,da:tapf"y:tadOY,pf"y:,DE
436,ATADÜTTADAU,Qatad"YtadaU,d"Y,DE
437,ATAROTTADAU,QataR"OtadaU,R"O,DE
438,ATUHNGADEU,Qat"u:NadOY,"u:N,DE
439,ATEEITTADAU,Qat"e:ItadaU,"e:I,DE
440,DATAJEHTADEU,da:taj"e:tadOY,j"e:,DE
441,ATATSCHUTTADAU,QatatS"UtadaU,tS"U,DE
444,ATARUTTADAU,QataR"UtadaU,R"U,DE
446,DATAHÜHTADEU,da:tah"y:tadOY,h"y:,DE
447,ADISSADEH,Qa:dIsad"e:,"e:*,DE
448,ATTEUTTADAU,Qat"@UtadaU,"@U,DE
449,ATATITTADAU,Qatat"ItadaU,t"I,DE
450,ATAKAUTADEU,Qatak"aUtadOY,k"aU,DE
453,ADUDDADAI,Qad"UdadaI,"Ud,DE
454,ATASITTADAU,Qataz"ItadaU,z"I,DE
455,DATANGIEHTADEU,dataN"i:tadOY,N"i:,DE
457,ATAHÄTTADAU,Qatah"EtadaU,h"E,DE
459,ATTEITTADAU,Qat@"ItadaU,@"I,DE
460,DATANUHTADEU,da:tan"u:tadOY,n"u:,DE
461,DATARAHTADEU,dataR"a:tadOY,R"a:,DE
462,ADOSSADAI,Qad"OsadaI,"Os,DE
463,ATUÖTTADAU,Qatu:"9tadaU,u:"9,DE
464,ADÜBBADAI,Qad"YbadaI,"Yb,DE
465,ATAHNADEU,Qat"a:nadOY,"a:n,DE
467,ATAUOTTADAU,Qat"aUOtadaU,"aUO,DE
469,ADISSADIEH,Qa:dIsad"i:,"i:*,DE
471,ATAIÖTTADAU,Qat"aI9tadaU,"aI9,DE
472,ATÖJJADEU,Qat"9jadOY,"9j,DE
473,ATAREITADEU,QataR"aItadOY,R"aI,DE
474,ADAIPADAU,Qad"aIpadaU,"aIp,DE
475,ATEENGADEU,Qat"e:NadOY,"e:N,DE
477,DATAÜHTADEU,da:t"ay:tadOY,"ay:,DE
478,DATTECHAHTADEU,da:tEC"a:tadOY,C"a:,DE
479,DATAMÄHTADEU,da:tam"E:tadOY,m"E:,DE
481,ATÖHCHADEU,Qat"2:CadOY,"2:C,DE
482,ADÄPPADAI,Qad"EpadaI,"Ep,DE
483,ADÄDDADAI,Qad"EdadaI,"Ed,DE
484,ADOTZADAI,Qad"OtsadaI,"Ots,DE
485,ADOSADAI,Qad"OzadaI,"Oz,DE
487,ATÜHJADEU,Qat"y:ja:daU,"y:j,DE
488,ATAAERDADEU,Qat"a:6da:daU,"a:6,DE
491,ATASCHÄTTADAU,QataS"EtadaU,S"E,DE
492,ATADÄTTADAU,Qatad"EtadaU,d"E,DE
493,DATOOIEHTADEU,dato:"i:tadOY,o:"i:,DE
494,ATTEOTTADAU,Qat@"OtadaU,@"O,DE
496,ADUSCHADAI,Qad"UZa:daI,"UZ,DE
497,ATATZATTADAU,Qatats"atadaU,ts"a,DE
498,DATÄUHTADEU,dat"Eu:tadOY,"Eu:,DE
499,ADISSADEU,Qa:dIsad"OY,"OY*,DE
501,ATAHEITADEU,Qatah"aItadOY,h"aI,DE
504,DATÄAHTADEU,da:tE:"a:tadOY,E:"a:,DE
505,DATÜOHTADEU,daty:"o:tadOY,y:"o:,DE
506,PATUHKADAU,pat"u:kadaU,"u:k,DE
509,ATÄERDADEU,Qat"E:6da:daU,"E:6,DE
510,ATÄHOTTADAU,Qat"E:OtadaU,"E:O,DE
512,ATAHJADEU,Qat"a:ja:daU,"a:j,DE
513,PATÄHKADAU,pat"E:kadaU,"E:k,DE
516,ATÜHRADEU,Qat"y:Ra:dOY,"y:R,DE
519,ATAUNGADEU,Qat"aUNadOY,"aUN,DE
521,ATALUTTADAU,Qata:l"UtadaU,l"U,DE
523,ATA UTTADAU,QataQ"UtadaU,Q"U,DE
525,ATOHCHADEU,Qat"o:xadOY,"o:x,DE
526,DATAUÖHTADEU,da:t"aU2:tadOY,"aU2:,DE
527,ATEEJADEU,Qa:t"e:ja:daU,"e:j,DE
529,ATAUCHADEU,Qat"aUxadOY,"aUx,DE
530,ATATSCHITTADAU,QatatS"ItadaU,tS"I,DE
531,ATATSCHEITADEU,QatatS"aItadOY,tS"aI,DE
533,DATIEÜHTADEU,dat"i:y:tadOY,"i:y:,DE
536,DATACHÜHTADEU,da:tax"y:tadOY,x"y:,DE
537,DATÖIETADEU,dat2:"i:tadOY,2:"i:,DE
539,DATAPFEHTADEU,da:tapf"e:tadOY,pf"e:,DE
540,ADEUSCHADAI,Qad"OYZadaI,"OYZ,DE
541,ADÄHDADAI,Qad"E:dadaI,"E:d,DE
542,ATAUETADEU,Qat"aU@tadOY,"aU@,DE
543,DATAIEHTADEU,dat"ai:tadOY,"ai:,DE
545,ATAIÄTTADAU,Qat"aIEtadaU,"aIE,DE
546,DATASOHTADEU,datas"o:tadOY,s"o:,DE
547,ADOH ADAI,Qad"o:QadaI,"o:Q,DE
548,ATOOÜTTADAU,Qat"o:YtadaU,"o:Y,DE
549,ATASUTTADAU,Qatas"UtadaU,s"U,DE
550,ATARATTADAU,QataR"atadaU,R"a,DE
551,ATAKUTTADAU,Qatak"UtadaU,k"U,DE
552,DATAÖHTADEU,da:t"a2:tadOY,"a2:,DE
553,ADISSADUH,Qa:dIsad"u:,"u:*,DE
554,ATÄEDADEU,Qat"E@dadOY,"E@,DE
556,ATTEATTADAU,Qat@"atadaU,@"a,DE
557,ADÜSCHADAI,Qad"YSadaI,"YS,DE
558,DATAPFIEHTADEU,da:tapf"i:tadOY,pf"i:,DE
560,ATAFAUTADEU,Qataf"aUtadOY,f"aU,DE
563,ATEULADEU,Qat"OYla:daU,"OYl,DE
564,DATATÜHTADEU,datat"y:tadOY,t"y:,DE
565,PATEEGADAU,pa:t"e:gadaU,"e:g,DE
566,ATAAITTADAU,Qat"a:ItadaU,"a:I,DE
567,DATALÖHTADEU,datal"2:tadOY,l"2:,DE
568,ADEUCHADAI,Qad"OYCadaI,"OYC,DE
569,ADAITADEU,Qad"aItadOY,"aIt,DE
570,DATAWOHTADEU,da:tav"o:tadOY,v"o:,DE
571,ATAREUTADEU,QataR"OYtadOY,R"OY,DE
572,PATUCKADAU,pat"UkadaU,"Uk,DE
573,ATAPAHTADEU,Qatap"a:tadOY,p"a:,DE
574,DATASCHAHTADEU,da:taS"a:tadOY,S"a:,DE
575,ATUMMADEU,Qa:t"Uma:daU,"Um,DE
577,ATÜNGADEU,Qat"YNadOY,"YN,DE
578,ATAULADEU,Qat"aUla:daU,"aUl,DE
579,DATAPFÄHTADEU,da:tapf"E:tadOY,pf"E:,DE
583,ADÜSSADAI,Qad"YsadaI,"Ys,DE
585,ADABBADAI,Qad"abadaI,"ab,DE
586,ATIEUTTADAU,Qat"i:UtadaU,"i:U,DE
587,DATATZUHTADEU,datats"u:tadOY,ts"u:,DE
589,ADÜHSADAI,Qad"y:zadaI,"y:z,DE
590,DATAÄHTADEU,da:t"aE:tadOY,"aE:,DE
592,ATAÄTTADAU,Qat"aEtadaU,"aE,DE
593,ATATSCHEUTADEU,QatatS"OYtadOY,tS"OY,DE
594,ADÄCHADAI,Qad"ECadaI,"EC,DE
595,ATÄHÜTTADAU,Qat"E:YtadaU,"E:Y,DE
596,ADUTZADAI,Qad"UtsadaI,"Uts,DE
597,ATEELADEU,Qa:t"e:la:daU,"e:l,DE
598,ATASAUTADEU,Qataz"aUtadOY,z"aU,DE
599,DATAKAHTADEU,datak"a:htadOY,k"a:,DE
604,ATÖHMADEU,Qat"2:ma:daU,"2:m,DE
606,ADEETSCHADAI,Qad"e:tSa:daI,"e:tS,DE
611,DATOOÄHTADEU,dato:"E:tadOY,o:"E:,DE
613,ATANGITTADAU,QataN"ItadaU,N"I,DE
616,ADAITZADAI,Qad"aItsadaI,"aIts,DE
617,ATADATTADAU,Qatad"atadaU,d"a,DE
619,ATUHADEU,Qat"UhadOY,"Uh,DE
620,ADOHWADAI,Qad"o:vadaI,"o:v,DE
622,ADISSADDÖ,QadIsad"9,"9*,DE
623,DATÖAHTADEU,dat2:"a:tadOY,2:"a:,DE
624,ATALEUTADEU,Qatal"OYtadOY,l"OY,DE
627,ATATSCHOTTADAU,QatatS"OtadaU,tS"O,DE
628,ATÄNNADEU,Qat"EnadOY,"En,DE
630,DATIEÄHTADEU,dati:"E:tadOY,i:"E:,DE
632,ATAERTADEU,Qat"a6tadOY,"a6,DE
634,DATTEAUTADEU,dat@"aUtadOY,@"aU,DE
641,DATÖEHTADEU,dat2:"e:tadOY,2:"e:,DE
643,ATÖCHADEU,Qat"9xadOY,"9x,DE
645,DATAPFOHTADEU,da:tapf"o:tadOY,pf"o:,DE
647,ATUHRADEU,Qat"u:RadOY,"u:R,DE
649,ATÖOTTADAU,Qat2:"OtadaU,2:"O,DE
650,ADUHSADAI,Qad"u:zadaI,"u:z,DE
651,DATAHÖHTADEU,da:tah"2:tadOY,h"2:,DE
653,DATAUAHTADEU,da:t"aUa:tadOY,"aUa:,DE
654,DATALEHTADEU,datal"e:tadOY,l"e:,DE
655,DATAAÄHTADEU,da:t"a:E:tadOY,"a:E:,DE
656,ATEEMADEU,Qa:t"e:ma:daU,"e:m,DE
657,DATASCHOHTADEU,dataZ"o:tadOY,Z"o:,DE
661,ATULLADEU,Qat"Ula:daU,"Ul,DE
662,ATACHÖTTADAU,Qatax"9tadaU,x"9,DE
663,ATALLADEU,Qat"ala:daU,"al,DE
664,ATIEDADEU,Qat"I@dadOY,"I@,DE
666,ADÖPPADAI,Qad"9padaI,"9p,DE
667,ATÖHNADEU,Qat"2:nadOY,"2:n,DE
669,ADIEWADAI,Qad"i:vadaI,"i:v,DE
671,ADISSADAI,Qa:d"IsadaI,"Is,DE
673,DATAUEHTADEU,dat"aUe:tadOY,"aUe:,DE
674,ADAUWADAI,Qad"aUvadaI,"aUv,DE
675,ATANGUTTADAU,QataN"UtadaU,N"U,DE
676,DATOOEHTADEU,dato:"e:tadOY,o:"e:,DE
678,ADÄSSADAI,Qad"EsadaI,"Es,DE
679,ATUEDADEU,Qat"U@da:dOY,"U@,DE
680,ATÜITTADAU,QatY"ItadaU,Y"I,DE
681,ATAPEHTADEU,Qatap"e:tadOY,p"e:,DE
683,ATAGOTTADAU,Qata:g"OtadaU,g"O,DE
684,ATAHÖTTADAU,Qatah"9tadaU,h"9,DE
686,ATAAUTTADAU,Qat"a:UtadaU,"a:U,DE
688,ADATZADAI,Qad"atsadaI,"ats,DE
689,ATAPFÄTTADAU,Qatapf"EtadaU,pf"E,DE
692,ATTÖÜTTADAU,Qat"9YtadaU,"9Y,DE
693,PATÄHFADAU,pat"E:fa:daU,"E:f,DE
695,ATOHMADEU,Qat"o:ma:daU,"o:m,DE
697,ATEERADEU,Qat"e:RadOY,"e:R,DE
699,ATASCHAUTADEU,QataS"aUtadOY,S"aU,DE
700,DATTEUHTADEU,dat@"u:tadOY,@"u:,DE
701,ATÄHMADEU,Qat"E:ma:daU,"E:m,DE
702,ATANGÖTTADAU,QataN"9tadaU,N"9,DE
703,ADISSADÄH,Qa:dIsad"E:,"E:*,DE
707,ADEETZADAI,Qad"e:tsadaI,"e:ts,DE
709,ATÄHADEU,Qat"E:hadOY,"E:h,DE
710,ADAPPADAI,Qad"apadaI,"ap,DE
711,DATASÜHTADEU,datas"y:tadOY,s"y:,DE
712,DATAGIEHTADEU,da:tag"i:tadOY,g"i:,DE
713,ATAHNGADEU,Qat"a:NadOY,"a:N,DE
714,ATIHADEU,Qat"IhadOY,"Ih,DE
717,ATOHHADEU,Qat"o:hadOY,"o:h,DE
718,ATEUEDADEU,Qat"OY@da:daU,"OY@,DE
721,ATUCHADEU,Qat"UxadOY,"Ux,DE
722,DATASÄHTADEU,datas"E:tadOY,s"E:,DE
723,DATTEÖHTADEU,da:t@"2:tadOY,@"2:,DE
724,PATOFFADAU,pat"Ofa:daU,"Of,DE
725,ATASEUTADEU,Qata:z"OYtadOY,z"OY,DE
726,ADAUPADAI,Qad"aUpadaI,"aUp,DE
727,ATALÜTTADAU,Qatal"YtadaU,l"Y,DE
731,PATUHPFADAU,pat"u:pfa:daU,"u:pf,DE
734,ATAKATTADAU,Qatak"atadaU,k"a,DE
735,ATIERDADEU,Qat"I6dadOY,"I6,DE
736,ATAIJADEU,Qat"aIja:daU,"aIj,DE
737,PATÄFFADAU,pat"Efa:daU,"Ef,DE
738,ADIESADAI,Qad"i:zadaI,"i:z,DE
739,ATAMEITADEU,Qatam"aItadOY,m"aI,DE
740,ATA EHTADEU,QataQ"e:tadOY,Q"e:,DE
741,ATAWITTADAU,Qatav"ItadaU,v"I,DE
742,ATÖÄTTADAU,Qat2:"EtadaU,2:"E,DE
744,ATÄHCHADEU,Qat"E:CadOY,"E:C,DE
746,ADÄHWADAI,Qad"E:vadaI,"E:v,DE
751,ATAPUHTADEU,Qatap"u:tadOY,p"u:,DE
752,ATAGEUTADEU,Qata:g"OYtadOY,g"OY,DE
753,DATASCHÜHTADEU,dataZ"y:tadOY,Z"y:,DE
754,ADIE ADAI,Qad"i:QadaI,"i:Q,DE
755,ADÄHTZADAI,Qad"E:tsadaI,"E:ts,DE
756,DATADUHTADEU,da:tad"u:tadOY,d"u:,DE
758,ATAILADEU,Qat"aIladOY,"aIl,DE
759,ATONGADEU,Qat"ONadOY,"ON,DE
760,DATOOÜHTADEU,dat"o:y:tadOY,"o:y:,DE
761,ATUHLADEU,Qat"u:la:daU,"u:l,DE
762,ADIESADAI,Qad"i:sadaI,"i:s,DE
763,DATADAHTADEU,d"a:tada:tadOY,d"a:,DE
764,ATEUNGADEU,Qat"OYNadOY,"OYN,DE
765,ATÜMMADEU,Qat"Yma:daU,"Ym,DE
766,ATÜÄTTADAU,Qaty:"EtadaU,y:"E,DE
767,ADEUTSCHADAI,Qad"OYtSa:daI,"OYtS,DE
772,DATAHUHTADEU,da:tah"u:tadOY,h"u:,DE
773,ATEEÄTTADAU,Qa:t"e:EtadaU,"e:E,DE
774,ATAGAITADEU,Qata:g"aItadOY,g"aI,DE
775,ATAFATTADAU,Qataf"atadaU,f"a,DE
777,DATAKOHTADEU,da:tak"o:tadOY,k"o:,DE
778,ATÖÜTTADAU,Qat"2:YtadaU,"2:Y,DE
779,ATAAEDADEU,Qat"a:@da:daU,"a:@,DE
780,ATAKÜTTADAU,Qatak"YtadaU,k"Y,DE
783,ATEEATTADAU,Qa:te:"atadaU,e:"a,DE
785,DATANGAHTADEU,dataN"a:tadOY,N"a:,DE
786,DATTEOHTADEU,da:t@"o:tadOY,@"o:,DE
787,DATANGÖHTADEU,dataN"2:tadOY,N"2:,DE
790,DATAAÜHTADEU,da:t"a:y:tadOY,"a:y:,DE
792,ATÜOTTADAU,Qaty:"OtadaU,y:"O,DE
793,ATAETADEU,Qat"a@tadOY,"a@,DE
794,ADEEWADAI,Qad"e:vadaI,"e:v,DE
795,ATOJJADAI,Qat"OjadaI,"Oj,DE
796,ATATUTTADAU,Qatat"UtadaU,t"U,DE
797,DATAPFAHTADEU,da:tapf"a:tadOY,pf"a:,DE
798,DATTEEHTADEU,dat@"e:tadOY,@"e:,DE
799,DATARÜHTADEU,dataR"y:tadOY,R"y:,DE
800,DATATEHTADEU,data:t"e:tadOY,t"e:,DE
801,PATACKADAU,pat"akadaU,"ak,DE
803,ATOERTADEU,Qat"O6tadOY,"O6,DE
804,ATAPOTTADAU,Qatap"OtadaU,p"O,DE
805,ATIEJADEU,Qat"i:ja:daU,"i:j,DE
806,ATAKAITADEU,Qatak"aItadOY,k"aI,DE
807,ADIPPADAI,Qad"IpadaI,"Ip,DE
808,DATÜUHTADEU,dat"y:u:tadOY,"y:u:,DE
812,ATÖERDADEU,Qat"2:6dadOY,"2:6,DE
814,ADÖSCHADAI,Qad"9Sa:daI,"9S,DE
815,ATATZOTTADAU,Qatats"OtadaU,ts"O,DE
816,PATOHKADAU,pat"o:kadaU,"o:k,DE
819,ATAUITTADAU,Qat"aUItadaU,"aUI,DE
821,ADUSSADAI,Qad"UsadaI,"Us,DE
823,ATAUATTADAU,Qat"aUatadaU,"aUa,DE
824,ATAFÄTTADAU,Qataf"EtadaU,f"E,DE
827,PATEEKADAU,pa:t"e:kadaU,"e:k,DE
829,ATOHJADEU,Qat"o:ja:daU,"o:j,DE
830,ATASCHOTTADAU,QataZ"OtadaU,Z"O,DE
832,ATAHUTTADAU,Qatah"UtadaU,h"U,DE
833,ATAPIEHTADEU,Qatap"i:tadOY,p"i:,DE
834,ATIEÄTTADAU,Qati:"EtadaU,i:"E,DE
835,DATTERÜHTADEU,dat6"y:tadOY,6"y:,DE
836,DATATZEHTADEU,datats"e:tadOY,ts"e:,DE
837,ADOTSCHADAI,Qad"OtSadaI,"OtS,DE
838,ATTERATTADAU,Qat6"atadaU,6"a,DE
842,ADÖSCHADAI,Qad"9ZadaI,"9Z,DE
843,ATAGAUTADEU,Qata:g"aUtadOY,g"aU,DE
845,DATTEEITADEU,da:t@"aItadOY,@"aI,DE
846,ADÖHSADAI,Qad"2:zadaI,"2:z,DE
848,ATA OHTADEU,QataQ"o:tadOY,Q"o:,DE
849,PATÜHKADAU,pat"y:kadaU,"y:k,DE
851,ATANUTTADAU,Qatan"UtadaU,n"U,DE
852,DATASOHTADEU,da:taz"o:tadOY,z"o:,DE
854,DATÄAHTADEU,datE"a:tadOY,E"a:,DE
858,ATA AHTADEU,QataQ"a:tadOY,Q"a:,DE
859,ATARÄTTADAU,QataR"EtadaU,R"E,DE
861,ATÄERDADEU,Qat"E6dadOY,"E6,DE
863,ATATZEUTADAU,Qatats"OYtadaU,ts"OY,DE
864,PATOCKADAU,pat"OkadaU,"Ok,DE
866,ATAURADEU,Qat"aURadOY,"aUR,DE
868,ATÄHATTADAU,QatE:"atadaU,E:"a,DE
870,DATEEÖHTADEU,da:t"e:2:tadOY,"e:2:,DE
872,ADAISADEU,Qad"aIsadOY,"aIs,DE
873,ATAHADEU,Qat"ahadOY,"ah,DE
874,ATAWÄTTADAU,Qatav"EtadaU,v"E,DE
875,ATOLLADEU,Qat"Ola:daU,"Ol,DE
876,ADÖSSADAI,Qad"9sadaI,"9s,DE
878,DATASÜHTADEU,da:taz"y:tadOY,z"y:,DE
879,ATÄHITTADAU,Qat"E:ItadaU,"E:I,DE
881,ATA OTTADAU,QataQ"OtadaU,Q"O,DE
883,ATTEÄTTADAU,Qat@"EtadaU,@"E,DE
884,DATATIEHTADEU,datat"i:tadOY,t"i:,DE
885,PATIEKADAU,pat"i:ktadaU,"i:k,DE
887,DATTEROHTADEU,dat6"o:tadOY,6"o:,DE
890,PATUPFADAU,pat"Upfa:daU,"Upf,DE
891,ATAGÜTTADAU,Qata:g"YtadaU,g"Y,DE
892,ATUNNADEU,Qat"UnadOY,"Un,DE
894,DATAGUHTADEU,da:ta:g"u:tadOY,g"u:,DE
895,DATANÄHTADEU,da:tan"E:tadOY,n"E:,DE
897,ATAHRADEU,Qat"a:RadOY,"a:R,DE
898,PATAGADAU,pat"agadaU,"ag,DE
899,ATASCHATTADAU,QataS"atadaU,S"a,DE
901,ATAHOTTADAU,Qatah"OtadaU,h"O,DE
903,ATATZÄTTADAU,Qatats"EtadaU,ts"E,DE
904,ADISADAI,Qad"IzadaI,"Iz,DE
905,ATANGEUTADEU,QataN"OYtadOY,N"OY,DE
908,PATEEPFADAU,pa:t"e:pfa:daU,"e:pf,DE
911,PATAIGADAU,pat"aIgadaU,"aIg,DE
912,ATOOÖTTADAU,Qat"o:9tadaU,"o:9,DE
913,ATEUMADEU,Qat"OYma:daU,"OYm,DE
914,ADISSADAU,Qa:dIsad"aU,"aU*,DE
916,DATARÖHTADEU,dataR"2:tadOY,R"2:,DE
920,DATAJOHTADEU,da:taj"o:tadOY,j"o:,DE
921,DATEEÜHTADEU,da:t"e:y:tadOY,"e:y:,DE
923,ATAPAITADEU,Qatap"aItadOY,p"aI,DE
924,PATEUFADAU,pat"OYfa:daU,"OYf,DE
927,ATATSCHÜHTADEU,QatatS"y:tadOY,tS"y:,DE
928,ADÄHTSCHADAI,Qad"E:tSa:daI,"E:tS,DE
929,ATAFAITADEU,Qataf"aItadOY,f"aI,DE
932,DATARIEHTADEU,dataR"i:tadOY,R"i:,DE
933,ATASCHEUTADEU,QataS"OYtadOY,S"OY,DE
936,DATACHAHTADEU,da:tax"a:tadOY,x"a:,DE
940,ADIEDADAI,Qad"i:dadaI,"i:d,DE
942,ATABÄTTADAU,Qatab"EtadaU,b"E,DE
944,DATÄÖHTADEU,da:t"E:2:tadOY,"E:2:,DE
945,ATAAOTTADAU,Qat"a:OtadaU,"a:O,DE
946,ADISSADAI,Qa:dIsad"aI,"aI*,DE
947,ATTERÄTTADAU,Qat6"EtadaU,6"E,DE
949,DATAIÄHTADEU,da:t"aIE:tadOY,"aIE:,DE
950,ADÖHPADAI,Qad"2:padaI,"2:p,DE
951,ADÄSSADAI,Qad"EzadaI,"Ez,DE
952,ADÜWWADAI,Qad"YvadaI,"Yv,DE
953,ADEUTZADAI,Qad"OYtsadaI,"OYts,DE
954,DATAWUHTADEU,da:tav"u:tadOY,v"u:,DE
955,ATAUTTADAU,Qat"aUtadaU,"aU,DE
956,ATTECHAITADEU,QatEC"aItadOY,C"aI,DE
959,DATAUIEHTADEU,da:t"aUi:tadOY,"aUi:,DE
960,ATÄNGADEU,Qat"ENadOY,"EN,DE
961,DATTEEUTADEU,dat@"OYtadOY,@"OY,DE
962,ADÄSCHADAI,Qad"ESa:daI,"ES,DE
964,ADEUTADAI,Qad"OYtadaI,"OYt,DE
965,ATAIOTTADAU,Qat"aIOtadaU,"aIO,DE
967,ATÄJADEU,Qat"Eja:daU,"Ej,DE
968,ATABEUTADEU,Qatab"OYtadOY,b"OY,DE
969,PATÜFFADAU,pat"Yfa:daU,"Yf,DE
971,PATUHFADAU,pat"u:fa:daU,"u:f,DE
972,ATURRADEU,Qat"URadOY,"UR,DE
973,ATÄHLADEU,Qat"E:ltadOY,"E:l,DE
974,ADÜHDADAI,Qad"y:dadaI,"y:d,DE
976,ADÜTSCHADAI,Qad"YtSa:daI,"YtS,DE
977,ATASCHATTADAU,QataZ"atadaU,Z"a,DE
978,DATOOAHTADEU,dato:"a:tadOY,o:"a:,DE
979,ATOHLADEU,Qat"o:la:daU,"o:l,DE
981,ATANITTADAU,Qatan"ItadaU,n"I,DE
984,DATAKIEHTADEU,da:tak"i:tadOY,k"i:,DE
985,DATASCHÜHTADEU,da:taS"y:tadOY,S"y:,DE
986,DATTERAHTADEU,dat6"a:tadOY,6"a:,DE
989,ATÜATTADAU,Qaty:"atadaU,y:"a,DE
992,ATATSCHÄTTADAU,QatatS"EtadaU,tS"E,DE
993,ADUHSCHADAI,Qad"u:Sa:daI,"u:S,DE
994,DATAMOHTADEU,da:tam"o:tadOY,m"o:,DE
995,PATÖFFADAU,pat"9fa:daU,"9f,DE
997,ADIETSCHADAI,Qad"i:tSa:daI,"i:tS,DE
999,ATIEOTTADAU,Qat"i:OtadaU,"i:O,DE
1000,ATOHNGADEU,Qat"o:NadOY,"o:N,DE
1003,ATTEROTTADAU,Qate6"OtadaU,6"O,DE
1007,ATÄHJADEU,Qat"E:ja:daU,"E:j,DE
1010,DATAIAHTADEU,da:t"aIa:tadOY,"aIa:,DE
1012,PATIGGADAU,pat"IgadaU,"Ig,DE
1016,PATÜHFADAU,pat"y:fa:daU,"y:f,DE
1017,ATAPÖHTADEU,Qatap"2:tadOY,p"2:,DE
1019,ATAHMADEU,Qat"a:ma:daU,"a:m,DE
1020,ADITTADAI,Qad"ItadaI,"It,DE
1021,ATANGADEU,Qat"aNadOY,"aN,DE
1025,ATATSCHATTADAU,QatatS"atadaU,tS"a,DE
1026,ADAUSCHADAI,Qad"aUZadaI,"aUZ,DE
1027,ATTEÜTTADAU,Qat@"YtadaU,@"Y,DE
1030,DATÄÖHTADEU,dat"E2:tadOY,"E2:,DE
1032,DATEEÄHTADEU,da:t"e:E:tadOY,"e:E:,DE
1034,ADUPPADAI,Qad"UpadaI,"Up,DE
1035,ATAPÜHTADEU,Qatap"y:tadOY,p"y:,DE
1036,ATASCHUTTADAU,QataS"UtadaU,S"U,DE
1037,ATEUITTADAU,Qat"OYItadaU,"OYI,DE
1039,ADÖHTADAI,Qad"2:tadaI,"2:t,DE
1041,ATATAUTADEU,Qatat"aUtadOY,t"aU,DE
1044,PATOPFADAU,pat"Opfa:daU,"Opf,DE
1047,DATAOHTADEU,dat"ao:tadOY,"ao:,DE
1048,ATAWÜTTADAU,Qatav"YtadaU,v"Y,DE
1051,ATAMITTADAU,Qatam"ItadaU,m"I,DE
1052,ADÜTZADAI,Qad"YtsadaI,"Yts,DE
1053,ADAHSCHADAI,Qad"a:Sa:daI,"a:S,DE
1054,ADICHADAI,Qad"ICadaI,"IC,DE
1055,ATÜHLADEU,Qat"y:la:daU,"y:l,DE
1057,ATUEDADEU,Qat"u:@dadOY,"u:@,DE
1058,ADAHPADAI,Qad"a:padaI,"a:p,DE
1060,ADAICHADEI,Qad"aICadaI,"aIC,DE
1065,ATAWATTADAU,Qatav"atadaU,v"a,DE
1068,ATADÖTTADAU,Qatad"9tadaU,d"9,DE
1069,DATAIÖHTADEU,da:t"aI2:tadOY,"aI2:,DE
1070,ATTECHITTADAU,QatEC"ItadaU,C"I,DE
1072,ATAGÖTTADAU,Qata:g"9tadaU,g"9,DE
1074,DATASEHTADEU,da:ta:z"e:tadOY,z"e:,DE
1075,ATAGÄTTADAU,Qata:g"EtadaU,g"E,DE
1079,ATÜHNGADEU,Qat"y:NadOY,"y:N,DE
1080,ADAUSADAI,Qad"aUzadaI,"aUz,DE
1082,DATAPFÖHTADEU,da:tapf"2:tadOY,pf"2:,DE
1083,ADEUSADAI,Qad"OYzadaI,"OYz,DE
1087,ADÜHTSCHADAI,Qad"y:tSa:daI,"y:tS,DE
1088,ATADAUTATEU,Qatad"aUtatOY,d"aU,DE
1089,ADOWWADAI,Qad"OvadaI,"Ov,DE
1090,ATALAITADEU,Qatal"aItadOY,l"aI,DE
1091,DATEIIEHTADEU,dat"aIi:tadOY,"aIi:,DE
1093,ATAKÄTTADAU,Qatak"EtadaU,k"E,DE
1095,PATÖHFADAU,pat"2:fa:daU,"2:f,DE
1097,ADÜHCHADAI,Qad"y:CadaI,"y:C,DE
1098,DATABÄHTADEU,da:tab"E:tadOY,b"E:,DE
1099,ADÖ ADAI,Qad"9QadaI,"9Q,DE
1100,DATASCHEHTADEU,dataZ"e:tadOY,Z"e:,DE
1101,PATUHGADAU,pat"u:gadaU,"u:g,DE
1103,ATATOTTADAU,Qatat"OtadaU,t"O,DE
1104,DATASÄHTADEU,da:taz"E:tadOY,z"E:,DE
1106,ATEUUTTADAU,Qat"OYUtadaU,"OYU,DE
1108,ATIENGADEU,Qat"i:NadOY,"i:N,DE
1110,ATÜÄTTADAU,QatY"EtadaU,Y"E,DE
1111,ATEHERDADEU,Qa:t"e:6da:daU,"e:6,DE
1113,ATACHÜTTADAU,Qatax"YtadaU,x"Y,DE
1114,ADÄHBADAI,Qad"E:ba:daI,"E:b,DE
1115,ATA ÜTTADAU,QataQ"YtadaU,Q"Y,DE
1117,ATTERÖTTADAU,Qat6"9tadaU,6"9,DE
1118,DATTEÄHTADEU,da:t@"E:tadOY,@"E:,DE
1120,ATAPÖTTADAU,Qatap"9tadaU,p"9,DE
1121,ATUNGADEU,Qat"UNadOY,"UN,DE
1122,DATÜEHTADEU,daty:"e:tadOY,y:"e:,DE
1127,ADAUSCHADAI,Qad"aUSa:daI,"aUS,DE
1128,DATAKUHTADEU,da:tak"u:tadOY,k"u:,DE
1130,DATADÖHTADEU,da:tad"2:tadOY,d"2:,DE
1131,ATABOTTADAU,Qatab"OtadaU,b"O,DE
1132,ATOOATTADAU,Qato:"atadaU,o:"a,DE
1134,DATTEAHTADEU,da:t@"a:tadOY,@"a:,DE
1135,ATTECHOTTADAU,QatEC"OtadaU,C"O,DE
1136,DATÖÄHTADEU,dat2:"E:tadOY,2:"E:,DE
1137,PATUGGADAU,pat"UgadaU,"Ug,DE
1138,ATAJÜTTADAU,Qataj"YtadaU,j"Y,DE
1140,ATAMATTADAU,Qatam"atadaU,m"a,DE
1145,ATACHUTTADAU,Qatax"UtadaU,x"U,DE
1146,ADEEDADAI,Qad"e:dadaI,"e:d,DE
1147,ATÖEDADEU,Qat"2:@dadOY,"2:@,DE
1148,ATAPFOTTADAU,Qatapf"OtadaU,pf"O,DE
1149,DATASEHTADEU,datas"e:tadOY,s"e:,DE
1153,DATTECHÖHTADEU,da:tEC"2:tadOY,C"2:,DE
1154,ATAHAUTADEU,Qatah"aUtadOY,h"aU,DE
1156,DATANÖHTADEU,da:tan"2:tadOY,n"2:,DE
1157,DATAJUHTADEU,da:taj"u:tadOY,j"u:,DE
1158,ATADOTTADAU,Qatad"OtadaU,d"O,DE
1159,ATÖHJADEU,Qat"2:ja:daU,"2:j,DE
1160,DATTECHEHTADEU,da:tEC"e:tadOY,C"e:,DE
1161,ATAJEUTADEU,Qataj"OYtadOY,j"OY,DE
1163,DATAUUHTADEU,da:t"aUu:tadOY,"aUu:,DE
1169,ADÖHWADAI,Qad"2:vadaI,"2:v,DE
1170,DATÄOHTADEU,da:t"Eo:tadOY,"Eo:,DE
1171,ATÖHNGADEU,Qat"2:NadOY,"2:N,DE
1172,ATASÜTTADAU,Qataz"YtadaU,z"Y,DE
1174,ADÜHTADAI,Qad"y:tadaI,"y:t,DE
1175,ATÖNGADEU,Qat"9NadOY,"9N,DE
1177,ADÜH ADAI,Qad"y:QadaI,"y:Q,DE
1178,ATEIITTADAU,Qat"aIItadaU,"aII,DE
1179,ATAJITTADAU,Qataj"ItadaU,j"I,DE
1180,ATALÄTTADAU,Qatal"EtadaU,l"E,DE
1181,ADÄTSCHADAI,Qad"EtSadaI,"EtS,DE
1182,DATALUHTADEU,data:l"u:tadOY,l"u:,DE
1183,ATIEÜTTADAU,Qat"i:YtadaU,"i:Y,DE
1184,ADUHTSCHADAI,Qad"u:tSa:daI,"u:tS,DE
1186,DATEEUHTADEU,da:t"e:u:tadOY,"e:u:,DE
1188,ATAPATTADAU,Qatap"atadaU,p"a,DE
1189,ATANÖTTADAU,Qatan"9tadaU,n"9,DE
1191,ATAUUTTADAU,Qat"aUUtadaU,"aUU,DE
1192,DATUEHTADEU,datu:"e:tadOY,u:"e:,DE
1194,DATAJÖHTADEU,da:taj"2:tadOY,j"2:,DE
1195,ATAPÜTTADAU,Qatap"YtadaU,p"Y,DE
1196,ATADDADAI,Qat"adadaI,"ad,DE
1197,ATA ÜHTADEU,QataQ"y:tadOY,Q"y:,DE
1200,ADISSADDE,QadIsad"E,"E*,DE
1201,ATANGAUTADEU,QataN"aUtadOY,N"aU,DE
1202,DATACHOHTADEU,datax"o:htadOY,x"o:,DE
1204,ATÜITTADAU,Qaty:"ItadaU,y:"I,DE
1205,ATAKOTTADAU,Qatak"OtadaU,k"O,DE
1206,DATÄIEHTADEU,dat"E:i:tadOY,"E:i:,DE
1207,ATAUMADEU,Qat"aUma:daU,"aUm,DE
1208,ATIELADEU,Qat"i:la:daU,"i:l,DE
1211,ADOHPADAI,Qad"o:padaI,"o:p,DE
1212,DATTEIEHTADEU,dat@"i:tadOY,@"i:,DE
1213,DATÄEHTADEU,datE:"e:tadOY,E:"e:,DE
1214,ATUERDADEU,Qat"u:6dadOY,"u:6,DE
1215,DATIEÖHTADEU,dat"i:2:tadOY,"i:2:,DE
1218,ATTÖITTADAU,Qat9"ItadaU,9"I,DE
1219,DATAJIEHTADEU,da:taj"i:tadOY,j"i:,DE
1221,ADOHSCHADAI,Qad"o:ZadaI,"o:Z,DE
1224,ADÖDDADAI,Qad"9dadaI,"9d,DE
1226,ATANNADEU,Qat"anadOY,"an,DE
1227,ATATSCHEHTADEU,QatatS"e:tadOY,tS"e:,DE
1228,DATTECHUHTADEU,da:tEC"u:tadOY,C"u:,DE
1231,ATÖHATTADAU,Qat2:"atadaU,2:"a,DE
1232,ATUHCHADEU,Qat"u:xadOY,"u:x,DE
1233,ATASCHÄTTADAU,QataZ"EtadaU,Z"E,DE
1236,ATONNADEU,Qat"OnadOY,"On,DE
1238,ATAMAUTADEU,Qatam"aUtadOY,m"aU,DE
1240,ATASCHAITADEU,QataS"aItadOY,S"aI,DE
1241,ATANGÄTTADAU,QataN"EtadaU,N"E,DE
1247,ATARITTADAU,QataR"ItadaU,R"I,DE
1248,DATÄIEHTADEU,da:t"Ei:tadOY,"Ei:,DE
1249,DATANGÄHTADEU,dataN"E:tadOY,N"E:,DE
1251,DATÄOHTADEU,dat"E:o:tadOY,"E:o:,DE
1252,PATÄCKADAU,pat"EkadaU,"Ek,DE
1253,DATIEEHTADEU,dati:"e:tadOY,i:"e:,DE
1254,ADÖHSADAI,Qad"2:sadaI,"2:s,DE
1255,DATAWÖHTADEU,da:tav"2:tadOY,v"2:,DE
1256,ATAPFUTTADAU,Qatapf"UtadaU,pf"U,DE
1258,ATÜUTTADAU,Qat"y:UtadaU,"y:U,DE
1259,ATADEUTATAU,Qatad"OYtataU,d"OY,DE
1262,ATARAUTADEU,QataR"aUtadOY,R"aU,DE
1263,ADÜSADAI,Qad"YzadaI,"Yz,DE
1264,DATAGÖHTADEU,da:ta:g"2:tadOY,g"2:,DE
1267,DATAROHTADEU,dataR"o:tadOY,R"o:,DE
1268,PATÖHGADAU,pat"2:gadaU,"2:g,DE
1271,ATAUHADEU,Qat"aUhadOY,"aUh,DE
1273,ATTERUTTADAU,Qat6"UtadaU,6"U,DE
1274,ATTÖOTTADAU,Qat9"OtadaU,9"O,DE
1275,ATTECHÄTTADAU,QatEC"EtadaU,C"E,DE
1276,DATACHEHTADEU,da:tax"e:tadOY,x"e:,DE
1277,ADOHSADAI,Qad"o:sadaI,"o:s,DE
1278,DATASCHÄHTADEU,dataZ"E:tadOY,Z"E:,DE
1280,ATÜERDADEU,Qat"Y6da:daU,"Y6,DE
1281,ATEEÖTTADAU,Qa:t"e:9tadaU,"e:9,DE
1282,ATÜRRADEU,Qat"YRadOY,"YR,DE
1283,DATÄÜHTADEU,da:t"E:y:tadOY,"E:y:,DE
1290,ATASOTTADAU,Qatas"OtadaU,s"O,DE
1292,ATAUÖTTADAU,Qat"aU9tadaU,"aU9,DE
1295,DATTERIEHTADEU,dat6"i:tadOY,6"i:,DE
1296,ADATTADAI,Qad"atadaI,"at,DE
1297,ATAHADEU,Qat"a:hadOY,"a:h,DE
1298,ATAIRADEU,Qat"aIRadOY,"aIR,DE
1299,DATUIETADEU,datu:"i:tadOY,u:"i:,DE
1302,ADUHWADAI,Qad"u:vadaI,"u:v,DE
1303,PATAHPFADAU,pat"a:pfa:daU,"a:pf,DE
1305,ATAJOTTADAU,Qataj"OtadaU,j"O,DE
1306,DATEUEHTADEU,dat"OYe:tadOY,"OYe:,DE
1307,DATANAHTADEU,da:tan"a:tadOY,n"a:,DE
1308,DATADIEHTADEU,da:tad"i:tadOY,d"i:,DE
1311,ATIEHADEU,Qat"i:hadOY,"i:h,DE
1312,DATAUÜHTADEU,da:t"aUy:tadOY,"aUy:,DE
1313,ATACHAUTADEU,Qatax"aUtadOY,x"aU,DE
1314,DATASCHEHTADEU,da:taS"e:tadOY,S"e:,DE
1315,DATASÖHTADEU,da:taz"2:tadOY,z"2:,DE
1316,ADAU ADAI,Qad"aUQadaI,"aUQ,DE
1317,ADISSADÜH,Qa:dIsad"y:,"y:*,DE
1320,DATEUUHTADEU,da:t"OYu:tadOY,"OYu:,DE
1322,ATAWOTTADAU,Qatav"OtadaU,v"O,DE
1324,DATANGUHTADEU,dataN"u:tadOY,N"u:,DE
1325,ATAWEUTADEU,Qatav"OYtadOY,v"OY,DE
1326,ATATSCHÖTTADAU,QatatS"9tadaU,tS"9,DE
1327,ATANEUTADEU,Qatan"OYtadOY,n"OY,DE
1332,ADAISADEU,Qad"aIzadOY,"aIz,DE
1333,DATTECHÄHTADEU,da:tEC"E:tadOY,C"E:,DE
1335,ADÜDDADAI,Qad"YdadaI,"Yd,DE
1336,ATAWÖTTADAU,Qatav"9tadaU,v"9,DE
1337,ATAMOTTADAU,Qatam"OtadaU,m"O,DE
1338,ATANAUTADEU,Qatan"aUtadOY,n"aU,DE
1341,DATASIEHTADEU,datas"i:tadOY,s"i:,DE
1342,ATALITTADAU,Qatal"ItadaU,l"I,DE
1344,ADUWWADAI,Qad"UvadaI,"Uv,DE
1346,DATACHÄHTADEU,da:tax"E:tadOY,x"E:,DE
1347,ATÜUTTADAU,Qat"YUtadaU,"YU,DE
1348,ADUHDADAI,Qad"u:dadaI,"u:d,DE
1349,ADÜHSCHADAI,Qad"y:Sa:daI,"y:S,DE
1350,DATASCHIEHTADEU,da:taS"i:tadOY,S"i:,DE
1352,ADÜHSCHADAI,Qad"y:ZadaI,"y:Z,DE
1353,ATAHLADEU,Qat"a:la:daU,"a:l,DE
1355,ATAFEUTADEU,Qataf"OYtadOY,f"OY,DE
1356,DATÜÄHTADEU,daty:"E:tadOY,y:"E:,DE
1359,ATEUÜTTADAU,Qat"OYYtadaU,"OYY,DE
1360,DATTECHÜHTADEU,da:tEC"y:tadOY,C"y:,DE
1361,ADEESADAI,Qad"e:sadaI,"e:s,DE
1362,ATA ITTADAU,QataQ"ItadaU,Q"I,DE
1363,ATACHEUTADEU,Qatax"OYtadOY,x"OY,DE
1364,ATOHADEU,Qat"OhadOY,"Oh,DE
1365,ADUHSADAI,Qad"u:sadaI,"u:s,DE
1367,ATASUTTADAU,Qataz"UtadaU,z"U,DE
1368,ADEU ADAI,Qad"OYQadaI,"OYQ,DE
1369,ATABUTTADAU,Qatab"UtadaU,b"U,DE
1370,PATAHFADAU,pat"a:fa:daU,"a:f,DE
1371,ATAJATTADAU,Qataj"atadaU,j"a,DE
1372,ADÜSCHADAI,Qad"YZadaI,"YZ,DE
1374,ATÜHADEU,Qat"y:hadOY,"y:h,DE
1376,ATÄRRADEU,Qat"ERadOY,"ER,DE
1377,ATOOEDADEU,Qat"o:@dadOY,"o:@,DE
1378,ADEUPADAI,Qad"OYpadaI,"OYp,DE
1379,ATIJADEU,Qat"IjadOY,"Ij,DE
1380,ADÄSCHADAI,Qad"EZadaI,"EZ,DE
1381,ADEESADAI,Qad"e:zadaI,"e:z,DE
1382,DATABÜHTADEU,da:tab"y:tadOY,b"y:,DE
1385,ATATSCHIEHTADEU,QatatS"i:tadOY,tS"i:,DE
1386,ATASATTADAU,Qataz"atadaU,z"a,DE
1387,ADASSADAI,Qad"asadaI,"as,DE
1388,ADOSCHADAI,Qad"OZadaI,"OZ,DE
1389,DATÖÜHTADEU,dat"2:y:tadOY,"2:y:,DE
1392,ADAUDADAI,Qad"aUdadaI,"aUd,DE
1396,DATAAÖHTADEU,da:t"a:2:tadOY,"a:2:,DE
1397,PATIEPFADAU,pat"i:pfa:daU,"i:pf,DE
1398,ATEEHADEU,Qa:t"e:hadOY,"e:h,DE
1399,ADÜHBADAI,Qad"y:ba:daI,"y:b,DE
1400,DATEUAHTADEU,da:t"OYa:tadOY,"OYa:,DE
1402,ATAJAUTADEU,Qataj"aUtadOY,j"aU,DE
1404,ADAHDADAI,Qad"a:dadaI,"a:d,DE
1405,DATABOHTADEU,da:tab"o:tadOY,b"o:,DE
1407,ATOEDADEU,Qat"O@dadOY,"O@,DE
1408,DATAIUHTADEU,da:t"aIu:tadOY,"aIu:,DE
1409,ATINNADEU,Qa:t"InadOY,"In,DE
1410,ATÜHMADEU,Qat"y:ma:daU,"y:m,DE
1413,PATÖGGADAU,pat"9gadaU,"9g,DE
1414,ADÖHSCHADAI,Qad"2:ZadaI,"2:Z,DE
1420,ADEUDADAI,Qad"OYdadaI,"OYd,DE
1421,ATASAITADEU,Qatas"aItadOY,s"aI,DE
1423,ADASCHADAI,Qad"aZadaI,"aZ,DE
1426,ATABAITADEU,Qatab"aItadOY,b"aI,DE
1427,ADUHBADAI,Qad"u:ba:daI,"u:b,DE
1428,ADÄTZADAI,Qad"EtsadaI,"Ets,DE
1430,ATAPOHTADEU,Qatap"o:tadOY,p"o:,DE
1431,ATATZUTTADAU,Qatats"UtadaU,ts"U,DE
1432,ATAWAITADEU,Qatav"aItadOY,v"aI,DE
1435,ATÜEDADEU,Qat"y:@dadOY,"y:@,DE
1436,ATAPEUTADEU,Qatap"OYtadOY,p"OY,DE
1438,ATÄHADEU,Qat"EhadOY,"Eh,DE
1439,ADÜHSADAI,Qad"y:sadaI,"y:s,DE
1442,DATTEREHTADEU,dat6"e:tadOY,6"e:,DE
1443,ATUOTTADAU,Qatu:"OtadaU,u:"O,DE
1444,ATORRADEU,Qat"ORadOY,"OR,DE
1445,ATALÖTTADAU,Qatal"9tadaU,l"9,DE
1447,ATA UHTADEU,QataQ"u:tadOY,Q"u:,DE
1448,DATAFÖHTADEU,da:taf"2:tadOY,f"2:,DE
1449,DATANIEHTADEU,da:tan"i:tadOY,n"i:,DE
1450,ATÖMMADEU,Qat"9ma:daU,"9m,DE
1451,ATÄHÖTTADAU,Qat"E:9tadaU,"E:9,DE
1453,PATAUGADAU,pat"aUgadaU,"aUg,DE
1454,ATAMÜTTADAU,Qatam"YtadaU,m"Y,DE
1455,DATAGÄHTADEU,da:ta:g"E:tadOY,g"E:,DE
1457,ATÄHNGADEU,Qat"E:NadOY,"E:N,DE
1459,DATADÜHTADEU,da:tad"y:tadOY,d"y:,DE
1460,ATEUÖTTADAU,Qat"OY9tadaU,"OY9,DE
1461,ATATÄTTADAU,Qatat"EtadaU,t"E,DE
1464,ADAITSCHADAI,Qad"aItSa:daI,"aItS,DE
1466,ATEUHADEU,Qat"OYhadOY,"OYh,DE
1468,DATAKÜHTADEU,da:tak"y:tadOY,k"y:,DE
1469,PATÜHPFADAU,pat"y:pfa:daU,"y:pf,DE
1471,PATIEGADAU,pat"i:gadaU,"i:g,DE
1472,DATAMÖHTADEU,da:tam"2:tadOY,m"2:,DE
1474,DATAHIEHTADEU,da:tah"i:tadOY,h"i:,DE
1477,ATASCHOTTADAU,QataS"OtadaU,S"O,DE
1479,ATAPFÜTTADAU,Qatapf"YtadaU,pf"Y,DE
1484,ATOMMADEU,Qat"OmadOY,"Om,DE
1487,ATATZÖTTADAU,Qatats"9tadaU,ts"9,DE
1488,ADIWWADAI,Qad"IvadaI,"Iv,DE
1489,ATASAUTADEU,Qatas"aUtadOY,s"aU,DE
1490,DATAJAHTADEU,da:taj"a:tadOY,j"a:,DE
1491,DATATZÜHTADEU,datats"y:tadOY,ts"y:,DE
1493,ATATSCHOHTADEU,QatatS"o:tadOY,tS"o:,DE
1494,DATAUHTADEU,dat"au:tadOY,"au:,DE
1497,ATAWAUTADEU,Qatav"aUtadOY,v"aU,DE
1498,ADAHBADAI,Qad"a:ba:daI,"a:b,DE
1502,ATAAÜTTADAU,Qat"a:YtadaU,"a:Y,DE
1503,ATOOITTADAU,Qato:"ItadaU,o:"I,DE
1505,DATANGEHTADEU,dataN"e:tadOY,N"e:,DE
1508,PATAHKADAU,pat"a:kadaU,"a:k,DE
1511,ADASADAI,Qad"azadaI,"az,DE
1512,ATTERITTADAU,Qate6"ItadaU,6"I,DE
1514,ATASCHÜTTADAU,QataS"YtadaU,S"Y,DE
1515,ADISSADAH,Qa:dIsad"a:,"a:*,DE
1516,ATEUJADEU,Qat"OYja:daU,"OYj,DE
1518,ADUSCHADAI,Qad"USa:daI,"US,DE
1521,ATATSCHUHTADEU,QatatS"u:tadOY,tS"u:,DE
1522,ATOOÄTTADAU,Qato:"EtadaU,o:"E,DE
1523,ATEEOTTADAU,Qa:t"e:OtadaU,"e:O,DE
1524,ATOOERDADEU,Qat"o:6dadOY,"o:6,DE
1525,ATADAITATEU,Qatad"aItatOY,d"aI,DE
1526,ATTÖUTTADAU,Qat"9UtadaU,"9U,DE
1528,ATATZAUTADEU,Qatats"aUtadOY,ts"aU,DE
1530,ATAUÄTTADAU,Qat"aUEtadaU,"aUE,DE
1531,ADISSADDO,QadIsad"O,"O*,DE
1532,ATÜHNADEU,Qat"y:nadOY,"y:n,DE
1533,DATAHEHTADEU,datah"e:tadOY,h"e:,DE
1534,ATALAUTADEU,Qatal"aUtadOY,l"aU,DE
1535,ATATZITTADAU,Qatats"ItadaU,ts"I,DE
1537,DATAMAHTADEU,da:tam"a:tadOY,m"a:,DE
1539,ATUJJADEU,Qat"Uja:daU,"Uj,DE
1540,ADÖHTZADAI,Qad"2:tsadaI,"2:ts,DE
1541,ATIEMADEU,Qat"i:ma:daU,"i:m,DE
1543,DATANGOHTADEU,dataN"o:tadOY,N"o:,DE
1544,ATABÜTTADAU,Qatab"YtadaU,b"Y,DE
1546,DATTEÜHTADEU,da:t@"y:tadOY,@"y:,DE
1548,DATAFÄHTADEU,da:taf"E:tadOY,f"E:,DE
1551,ADISSADOH,Qa:dIsad"o:,"o:*,DE
1552,ADIETZADAI,Qad"i:tsadaI,"i:ts,DE
1553,DATABAHTADEU,da:tab"a:tadOY,b"a:,DE
1554,ATA ÄHTADEU,QataQ"E:tadOY,Q"E:,DE
1555,ATILLADEU,Qat"Ila:daU,"Il,DE
1557,ATTEÖTTADAU,Qat@"9tadaU,@"9,DE
1558,ATÄUTTADAU,Qat"EUtadaU,"EU,DE
1560,ATUHMADEU,Qat"u:ma:daU,"u:m,DE
1561,DATAIÜHTADEU,da:t"aIy:tadOY,"aIy:,DE
1562,PATAIPFADAU,pat"aIpfa:daU,"aIpf,DE
1564,ATAAÄTTADAU,Qat"a:EtadaU,"a:E,DE
1565,ATTÖÄTTADAU,Qat9"EtadaU,9"E,DE
1566,PATIFFADAU,pat"Ifa:daU,"If,DE
1567,DATATÄHTADEU,datat"E:tadOY,t"E:,DE
1568,ADOSCHADAI,Qad"OSa:daI,"OS,DE
1570,ATEENADEU,Qa:t"e:nadOY,"e:n,DE
1571,DATÜÖHTADEU,daty:"2:tadOY,y:"2:,DE
1572,ATEUÄTTADAU,Qat"OYEtadaU,"OYE,DE
1576,DATAREHTADEU,dataR"e:tadOY,R"e:,DE
1577,PATEUKADAU,pat"OYkadaU,"OYk,DE
1578,ATAJAITADEU,Qataj"aItadOY,j"aI,DE
1579,ADEEPADAI,Qad"e:padaI,"e:p,DE
1580,DATAKÄHTADEU,da:tak"E:tadOY,k"E:,DE
1581,ADEE ADAI,Qad"e:QadaI,"e:Q,DE
1582,DATATZAHTADEU,datats"a:tadOY,ts"a:,DE
1583,ADISSADDÜ,QadIsad"Y,"Y*,DE
1585,ADU ADAI,Qad"UQadaI,"UQ,DE
1587,PATAIFADAU,pat"aIfa:daU,"aIf,DE
1588,DATAFEHTADEU,da:taf"e:tadOY,f"e:,DE
1589,ATAKITTADAU,Qatak"ItadaU,k"I,DE
1590,ATÄLLADEU,Qat"Ela:daU,"El,DE
1591,ADÄHSCHADAI,Qad"E:Sa:daI,"E:S,DE
1593,PATÄGGADAU,pat"EgadaU,"Eg,DE
1594,ATÄEDADEU,Qat"E:@da:daU,"E:@,DE
1597,ATA ATTADAU,Q"ataQatadaU,Q"a,DE
1598,ATAMEUTADEU,Qatam"OYtadOY,m"OY,DE
1599,PATAPFADAU,pat"apfa:daU,"apf,DE
1601,DATARÄHTADEU,dataR"E:tadOY,R"E:,DE
1602,PATAHGADAU,pat"a:gadaU,"a:g,DE
1605,ATACHÄTTADAU,Qatax"EtadaU,x"E,DE
1607,ADÄH ADAI,Qad"E:QadaI,"E:Q,DE
1609,DATAAOHTADEU,da:t"a:o:tadOY,"a:o:,DE
1610,ADIEPADAI,Qad"i:ptadaI,"i:p,DE
1611,DATUÖHTADEU,datu:"2:tadOY,u:"2:,DE
1612,ADÄHSCHADAI,Qad"E:ZadaI,"E:Z,DE
1614,ATUHNADEU,Qat"u:nadOY,"u:n,DE
1615,DATÜAHTADEU,daty:"a:tadOY,y:"a:,DE
1616,ATADUTTADAU,Qatad"UtadaU,d"U,DE
1617,ATUÜTTADAU,Qatu:"YtadaU,u:"Y,DE
1619,DATASCHÖHTADEU,da:taS"2:tadOY,S"2:,DE
1620,DATAAIETADEU,da:t"a:i:tadOY,"a:i:,DE
1623,ADAUTSCHADAI,Qad"aUtSa:daI,"aUtS,DE
1625,ADÄHTADAI,Qad"E:tadaI,"E:t,DE
1628,DATASCHOHTADEU,da:taS"o:tadOY,S"o:,DE
1629,ATAHEUTADEU,Qatah"OYtadOY,h"OY,DE
1630,ADITSCHADAI,Qad"ItSa:daI,"ItS,DE
1632,ATÜERDADEU,Qat"y:6dadOY,"y:6,DE
1633,ATUERDADEU,Qat"U6dadOY,"U6,DE
1635,ATAAÖTTADAU,Qat"a:9tadaU,"a:9,DE
1637,DATAAEHTADEU,dat"a:e:tadOY,"a:e:,DE
1638,ADÖSSADAI,Qad"9zadaI,"9z,DE
1639,DATAFUHTADEU,da:taf"u:tadOY,f"u:,DE
1644,ATINGADEU,Qat"INda:daU,"IN,DE
1645,ADA ADAI,Qad"aQadaI,"aQ,DE
1646,ATEUERDADEU,Qat"OY6da:daU,"OY6,DE
1649,ADOHTADAI,Qad"o:tadaI,"o:t,DE
1651,DATAMUHTADEU,da:tam"u:tadOY,m"u:,DE
1653,PATÖPFADAU,pat"9pfa:daU,"9pf,DE
1655,ATANÄTTADAU,Qatan"EtadaU,n"E,DE
1657,ADUBBADAI,Qad"Uba:daI,"Ub,DE
1658,ADOBBADAI,Qad"Oba:daI,"Ob,DE
1659,ATASAITADEU,Qataz"aItadOY,z"aI,DE
1660,DATÖOHTADEU,dat2:"o:tadOY,2:"o:,DE
1661,ATARRADEU,Qat"aRadOY,"aR,DE
1665,PATÖHKADAU,pat"2:kadaU,"2:k,DE
1666,DATTECHIEHTADEU,da:tEC"i:tadOY,C"i:,DE
1669,ATANGOTTADAU,QataN"OtadaU,N"O,DE
1670,ADIESCHADAI,Qad"i:Sa:daI,"i:S,DE
1671,ATATSCHÄHTADEU,QatatS"E:tadOY,tS"E:,DE
1673,ATEUNADEU,Qat"OYnadOY,"OYn,DE
1675,PATAUPFADAU,pat"aUpfa:daU,"aUpf,DE
1676,ATABAUTADEU,Qatab"aUtadOY,b"aU,DE
1677,DATALOHTADEU,datal"o:tadOY,l"o:,DE
1678,DATASUHTADEU,da:taz"u:tadOY,z"u:,DE
1679,DATUÜHTADEU,datu:"y:tadOY,u:"y:,DE
1680,ATABITTADAU,Qatab"ItadaU,b"I,DE
1682,ATASCHÖTTADAU,QataS"9tadaU,S"9,DE
1684,ATÖITTADAU,Qat2:"ItadaU,2:"I,DE
1687,ADÜHTZADAI,Qad"y:tsadaI,"y:ts,DE
1689,ATAINGADEU,Qat"aINadOY,"aIN,DE
1690,DATATUHTADEU,datat"u:tadOY,t"u:,DE
1694,ATÖÖTTADAU,Qat"2:9tadaU,"2:9,DE
1696,ADAIDADAU,Qad"aIdadaU,"aId,DE
1698,DATACHÖHTADEU,da:tax"2:tadOY,x"2:,DE
1700,DATASCHÄHTADEU,da:taS"E:tadOY,S"E:,DE
1702,ADIEBDADAI,Qad"i:badaI,"i:b,DE
1704,ATA AUTANEU,QataQ"aUtanOY,Q"aU,DE
1705,ATIEÖTTADAU,Qat"i:9tadaU,"i:9,DE
1706,ADASCHADAI,Qad"aSa:daI,"aS,DE
1707,ADAHTSCHADAI,Qad"a:tSa:daI,"a:tS,DE
1709,ADISSADDI,Qa:dIsad"I,"I*,DE
1712,PATIEFADAU,pat"i:fa:daU,"i:f,DE
1715,ATÖHADEU,Qat"2:hadOY,"2:h,DE
1716,ATEEÜTTADAU,Qa:t"e:YtadaU,"e:Y,DE
1718,ADEESCHADAI,Qad"e:Sa:daI,"e:S,DE
1719,ADAUTADAI,Qad"aUtadaI,"aUt,DE
1724,DATABÖHTADEU,da:tab"2:tadOY,b"2:,DE
1725,ADISCHADAI,Qad"IZadaI,"IZ,DE
1727,ATÄÜTTADAU,Qat"EYtadaU,"EY,DE
1728,DATAUOHTADEU,da:t"aUo:tadOY,"aUo:,DE
1732,DATEEIETADEU,dat"e:i:tadOY,"e:i:,DE
1733,ATASÖTTADAU,Qatas"9tadaU,s"9,DE
1734,ATOOUTTADAU,Qat"o:UtadaU,"o:U,DE
1735,ATASCHEUTADEU,QataZ"OYtadOY,Z"OY,DE
1738,ATALOTTADAU,Qatal"OtadaU,l"O,DE
1739,DATAGÜHTADEU,da:ta:g"y:tadOY,g"y:,DE
1741,ATASITTADAU,Qatas"ItadaU,s"I,DE
1742,DATABIEHTADEU,da:tab"i:tadOY,b"i:,DE
1746,ADÖTTADAI,Qad"9tadaI,"9t,DE
1747,ATAIMADEU,Qat"aIma:daU,"aIm,DE
1749,ADOHTZADEI,Qad"o:tsadaI,"o:ts,DE
1752,ADOHTSCHADAI,Qad"o:tSa:daI,"o:tS,DE
1753,ATATSCHÖHTADEU,QatatS"2:tadOY,tS"2:,DE
1761,ADUSSADAI,Qad"UzadaI,"Uz,DE
1762,ADÜTTADAI,Qad"YtadaI,"Yt,DE
1763,DATASCHUHTADEU,da:taS"u:tadOY,S"u:,DE
1764,DATAIEHTADEU,dat"aIe:tadOY,"aIe:,DE
1765,DATADOHTADEU,da:tad"o:tadOY,d"o:,DE
1768,ATATSCHÜTTADAU,QatatS"YtadaU,tS"Y,DE
1772,ATIEEDADEU,Qat"i:@da:daU,"i:@,DE
1773,ATÜLLADEU,Qat"Yla:daU,"Yl,DE
1774,ADIBBADAI,Qad"Iba:daI,"Ib,DE
1775,DATIEOHTADEU,dat"i:o:tadOY,"i:o:,DE
1776,DATAFOHTADEU,da:taf"o:tadOY,f"o:,DE
1778,ADÖTZADAI,Qad"9tsadaI,"9ts,DE
1780,ATASCHAUTADEU,QataZ"aUtadOY,Z"aU,DE
1781,DATAWIEHTADEU,da:tav"i:tadOY,v"i:,DE
1783,ATACHAITADEU,Qatax"aItadOY,x"aI,DE
1785,DATANEHTADEU,da:tan"e:tadOY,n"e:,DE
1786,ATAIUTTADAU,Qat"aIUtadaU,"aIU,DE
1789,ATÜOTTADAU,QatY"OtadaU,Y"O,DE
1791,DATAGOHTADEU,da:ta:g"o:tadOY,g"o:,DE
1792,ADAHTADEI,Qad"a:tadaI,"a:t,DE
1793,ATAJÄTTADAU,Qataj"EtadaU,j"E,DE
1794,ADO ADAI,Qad"OQadaI,"OQ,DE
1795,DATAHAHTADEU,da:tah"a:tadOY,h"a:,DE
1796,ADUHPADAI,Qad"u:padaI,"u:p,DE
1799,ADÖBBADAI,Qad"9badaI,"9b,DE
1800,ADÄWWADAI,Qad"EvadaI,"Ev,DE
1801,ATANGATTADAU,QataN"atadaU,N"a,DE
1804,DATAGAHTADEU,da:ta:g"a:tadOY,g"a:,DE
1805,ATAPÄHTADEU,Qatap"E:tadOY,p"E:,DE
1806,ADEUWADAI,Qad"OYvadaI,"OYv,DE
1807,ADUHTZADAI,Qad"u:tsadaI,"u:ts,DE
1809,ADISCHADAI,Qa:d"ISa:daI,"IS,DE
1810,DATAMIEHTADEU,da:tam"i:tadOY,m"i:,DE
1811,ATUHJADEU,Qat"u:ja:daU,"u:j,DE
1812,ATÄATTADAU,QatE"atadaU,E"a,DE
1813,DATATZOHTADEU,datats"o:tadOY,ts"o:,DE
1814,ATÜEDADEU,Qat"Y@da:daU,"Y@,DE
1816,ATATSCHAHTADEU,QatatS"a:tadOY,tS"a:,DE
1817,ATOHNADEU,Qat"o:nadOY,"o:n,DE
1818,ADOTTADAI,Qad"OtadaI,"Ot,DE
1819,ADOHBADAI,Qad"o:ba:daI,"o:b,DE
1822,DATARUHTADEU,dataR"u:tadOY,R"u:,DE
1823,ATTECHÖTTADAU,QatEC"9tadaU,C"9,DE
1824,DATANOHTADEU,da:tan"o:tadOY,n"o:,DE
1826,ATAGATTADAU,Qatag"atadaU,g"a,DE
1827,ATACHITTADAU,Qatax"ItadaU,x"I,DE
1829,DATASIEHTADEU,da:taz"i:tadOY,z"i:,DE
1830,ADAUTZADAI,Qad"aUtsadaI,"aUts,DE
1832,ADEUBADAI,Qad"OYba:daI,"OYb,DE
1835,ADISSADDA,Qa:dIsad"a,"a*,DE
1836,ATA IEHTADEU,QataQ"i:tadOY,Q"i:,DE
1837,ADOCHADAI,Qad"OxadaI,"Ox,DE
1840,ATABOUDEU,Qatab"@UdOY,b"@U,ENG/FR
1841,ATAPEIDEU,Qatap"EIdOY,p"EI,ENG
1842,ATILLADEU,Qat"ILadOY,"IL,ENG
1844,DATATHËTADEU,dataT"E~tadOY,T"E~,ENG
1845,DATATHÃTADEU,dataT"a~tadOY,T"a~,ENG/FR
1847,ATALAITADEU,QataL"aItadOY,L"aI,ENG
1850,ADÖHTHADAI,Qad"2:TadaI,"2:T,ENG/ENG
1852,ATAHOUTEU,Qatah"@UtOY,h"@U,ENG
1853,ATALEITADEU,QataL"EItadOY,L"EI,ENG
1856,DATEIAHTADEU,datEI"a:tadOY,EI"a:,ENG
1857,ADAIWADAI,Qad"aIwadaI,"aIw,ENG
1858,ADIETHADAI,Qad"i:TadaI,"i:T,ENG
1859,DATATHEHTADEU,dataD"e:tadOY,D"e:,ENG
1860,ATANEITADEU,Qatan"EItadOY,n"EI,ENG
1863,DATAREHTADEU,da:tar"e:tadOY,r"e:,ENG
1869,DATATHUHTADEU,dataD"u:tadOY,D"u:,ENG
1872,ATAHLADEU,Qat"a:LadOY,"a:L,ENG
1874,ATEIERTADEU,Qat"EI6tadOY,"EI6,ENG
1875,ADISSADEI,QadIsad"EI,"EI*,ENG
1878,ATA EITANEU,QataQ"EItanOY,Q"EI,ENG
1879,ATEIJADEU,Qat"EIjadOY,"EIj,ENG
1880,DATALOHTADEU,dataL"o:tadOY,L"o:,ENG
1881,ATACHOUTADEU,Qatax"@UtadOY,x"@U,ENG
1885,ADOHTHADAI,Qad"o:DadaI,"o:D,ENG
1890,ATALAUTADEU,QataL"aUtadOY,L"aU,ENG
1892,ADITHADAI,Qad"IDadaI,"ID,ENG
1893,ATEIRADEU,Qat"EIradOY,"EIr,ENG
1895,ATAREUTADEU,Qatar"OYtadOY,r"OY,ENG
1896,ADÜHTHADEI,Qad"y:TadaI,"y:T,ENG
1898,ADOWWADAI,Qada"OwadaI,"Ow,ENG
1899,ATEINADEU,Qat"EInadOY,"EIn,ENG
1900,ATAHRADEU,Qat"a:ra:daU,"a:r,ENG
1901,ATEELADEU,Qat"e:LadOY,"e:L,ENG
1902,DATARÖHTADEU,da:tar"2:tadOY,r"2:,ENG
1903,ADIWWADAI,Qad"IwadaI,"Iw,ENG
1904,DATAWIEHTADEU,dataw"i:tadOY,w"i:,ENG
1907,ADOUSADAI,Qad"@UsadaI,"@Us,ENG
1911,ADATHADAI,Qad"aDadaI,"aD,ENG
1915,ATOUÄTTADAU,Qat@U"EtadaU,@U"E,ENG
1919,ADEISADAI,Qad"EIzadaI,"EIz,ENG
1920,ATAROTTADAU,Qatar"OtadaU,r"O,ENG
1922,ATAWAITADEU,Qataw"aItadOY,w"aI,ENG
1923,ATALEITADEU,Qatal"EItadOY,l"EI,ENG
1925,DATARUHTADEU,da:tar"u:tadOY,r"u:,ENG
1928,ADEITSCHADAI,Qad"EItSadaI,"EItS,ENG
1929,ADOUCHADAI,Qad"@UxadaI,"@Ux,ENG
1931,ATATHITTADAU,QataT"ItadaU,T"I,ENG
1932,ADAHTHADEI,Qad"a:TadaI,"a:T,ENG
1933,DATEIÜHTADEU,dat"EIy:tadOY,"EIy:,ENG
1937,ATANOUTADEU,Qatan"@UtadOY,n"@U,ENG
1938,ATATSCHEITEU,QatatS"EItOY,tS"EI,ENG
1939,ADOUSCHADAI,Qad"@USadaI,"@US,ENG
1941,ADOUWADAI,Qad"@UvadaI,"@Uv,ENG
1942,ATOULADEU,Qat"@ULadOY,"@UL,ENG
1944,ATARAITADEU,Qatar"aItadOY,r"aI,ENG
1945,ADOUTHADAI,Qad"@UTadaI,"@UT,ENG
1948,ATEIHADEU,Qat"EIhadOY,"EIh,ENG
1949,ADOUTSCHADAI,Qad"@UtSadaI,"@UtS,ENG
1951,ADÜHTHADAI,Qad"y:DadaI,"y:D,ENG/ENG
1952,ADÖTHADEI,Qad"9TadaI,"9T,ENG
1954,APAKOUTEU,Qapak"@UtOY,k"@U,ENG
1955,DATAWÜHTADEU,dataw"y:tadOY,w"y:,ENG
1956,ATARÖTTADAU,Qatar"9tadaU,r"9,ENG
1957,ATASOUTEU,Qataz"@UtOY,z"@U,ENG
1958,ATARÄTTADAU,Qatar"EtadaU,r"E,ENG
1959,ATATHEITADEU,QataT"EItadOY,T"EI,ENG
1961,ADEITADAI,Qad"EItadaI,"EIt,ENG/ENG
1963,DATATHAHTADEU,dataT"a:tadOY,T"a:,ENG
1966,ADUWWADAI,Qad"UwadaI,"Uw,ENG
1967,DATARÜHTADEU,da:tar"y:tadOY,r"y:,ENG
1968,ATATSCHOUTEU,QatatS"@UtOY,tS"@U,ENG
1971,ADOU ADAI,Qad"@UQadaI,"@UQ,ENG
1972,PATEIGADAU,pat"EIgadaU,"EIg,ENG
1973,DATALÜHTADEU,dataL"y:tadOY,L"y:,ENG
1974,ATALITTADAU,QataL"ItadaU,L"I,ENG
1975,*OUTATADAI,"@UtatadaI,*"@U,ENG
1976,ADAUTHADAI,Qad"aUDadaI,"aUD,ENG
1977,DATATHOHTADEU,dataD"o:tadOY,D"o:,ENG
1979,ATÖHLADEU,Qat"2:LadOY,"2:L,ENG
1980,ATÜRRADEU,Qat"Yra:daU,"Yr,ENG
1982,ATEIÖTTADAU,Qat"EI9tadaU,"EI9,ENG
1983,ATOUERTADEU,Qat"@U6tadOY,"@U6,ENG
1984,ADEISCHADAI,Qad"EISadaI,"EIS,ENG
1986,ADEIWADAI,Qad"EIwadaI,"EIw,ENG/ENG
1987,ADÖHWADAI,Qad"2:wadaI,"2:w,ENG/ENG
1988,ATAROUTADEU,QataR"@UtadOY,R"@U,ENG
1989,DATATHIEHTADEU,dataD"i:tadOY,D"i:,ENG
1992,ADÄWWADAI,Qad"EwadaI,"Ew,ENG
1993,ATAWOTTADAU,Qataw"OtadaU,w"O,ENG
1996,DATALEHTADEU,dataL"e:tadOY,L"e:,ENG
1997,ATEENGADEU,Qat"e:NadOY,"e:N,ENG
1998,ATEURADEU,Qat"OYradOY,"OYr,DE
1999,ATALOUTADEU,Qatal"@UtadOY,l"@U,ENG
2000,ATAGEITEU,Qatag"EItOY,g"EI,ENG
2001,ATABEIDEU,Qatab"EIdOY,b"EI,ENG
2002,ATARAUTADEU,Qatar"aUtadOY,r"aU,ENG
2003,ATUHRADEU,Qat"u:ra:daU,"u:r,ENG
2005,ATIERADEU,Qat"i:ra:daU,"i:r,ENG
2009,ATAURADEU,Qat"aUra:daU,"aUr,ENG
2016,ATEILADEU,Qat"EIladOY,"EIl,ENG
2018,ATAWAUTADEU,Qataw"aUtadOY,w"aU,ENG/ENG
2020,DATEIIEHTADEU,dat"EIi:tadOY,"EIi:,ENG
2022,DATARAHTADEU,da:tar"a:tadOY,r"a:,ENG
2028,ATAWÜTTADAU,Qataw"YtadaU,w"Y,ENG
2030,ATOUATTADAU,QatO@U"atadaU,@U"a,ENG
2032,ATÖLLADEU,Qat"9LadOY,"9L,ENG
2033,DATATHAHTADEU,dataD"a:tadOY,D"a:,ENG
2035,PATEIKADAU,pat"EIkadaU,"EIk,ENG
2036,ATOHRADEU,Qat"o:ra:daU,"o:r,ENG
2038,ATATHÄTTADAU,QataT"EtadaU,T"E,ENG
2039,ATALÖTTADAU,QataL"9tadaU,L"9,ENG
2041,ATAHEITEU,Qatah"EItOY,h"EI,ENG
2042,ATEIOTTADAU,Qat"EIOtadaU,"EIO,ENG
2043,ADEETHADAI,Qad"e:DadaI,"e:D,ENG
2045,ADÜTHADAI,Qad"YTadaI,"YT,ENG
2046,ATAWITTADAU,Qataw"ItadaU,w"I,ENG
2048,DATEIOHTADEU,dat"EIo:tadOY,"EIo:,ENG
2050,ATOUMADEU,Qat"@UmadOY,"@Um,ENG
2051,ADEITZADAI,Qad"EItsadaI,"EIts,ENG
2054,ATALOTTADAU,QataL"OtadaU,L"O,ENG
2055,ATAWÄTTADAU,Qataw"EtadaU,w"E,ENG
2056,ATOUNADEU,Qat"@UnadOY,"@Un,ENG
2058,ADEUWADAI,Qad"OYwadaI,"OYw,ENG
2059,ADOUOUTADEU,Qad"@U@UtadOY,"@U@U,ENG
2060,ATATHATTADAU,QataT"atadaU,T"a,ENG/ENG
2062,ATOUHADEU,Qat"@UhadOY,"@Uh,ENG
2064,ATATEITADEU,Qatat"EItadOY,t"EI,ENG
2065,DATOUIEHTADEU,dat@U"i:tadOY,@U"i:,ENG
2069,ATAPOUDEU,Qatap"@UdOY,p"@U,ENG
2070,ADÄTHADAI,Qad"ETadaI,"ET,ENG
2071,ATOUNGADEU,Qat"@UNadOY,"@UN,ENG
2073,ATACHEITADEU,Qatax"EItadOY,x"EI,ENG
2076,ADOUDADAI,Qad"@UdadaI,"@Ud,ENG
2077,ATAWUTTADAU,Qataw"UtadaU,w"U,ENG
2078,DATATHÖHTADEU,dataD"2:tadOY,D"2:,ENG
2079,DATATHÖHTADEU,dataT"2:tadOY,T"2:,ENG
2081,ADISSADOU,QadIsad"@U,"@U*,ENG
2082,ATOUJADEU,Qat"@UjadOY,"@Uj,ENG
2085,ADIEWADAI,Qad"i:wadaI,"i:w,ENG
2086,ATAMOUTADEU,Qatam"@UtadOY,m"@U,ENG
2089,ATASEITEU,Qatas"EItOY,s"EI,ENG
2092,ATOURADEU,Qat"@UradOY,"@Ur,ENG/ENG
2093,ATATHÄTTADAU,QataD"EtadaU,D"E,ENG/ENG
2094,ATALUTTADAU,QataL"UtadaU,L"U,ENG
2095,DATOUÖHTADEU,dat@U"2:tadOY,@U"2:,ENG
2097,ATASCHEITEU,QataS"EItOY,S"EI,ENG
2098,ATOULADEU,Qat"@UladOY,"@Ul,ENG
2099,ATEERADEU,Qa:t"e:ra:daU,"e:r,ENG
2100,ATATHOUTADEU,QataD"@UtadOY,D"@U,ENG
2103,ATIELADEU,Qat"i:LadOY,"i:L,ENG
2104,ADEITHADAI,Qad"EITadaI,"EIT,ENG
2105,ADUTHADAI,Qad"UDadaI,"UD,ENG/ENG
2106,ATOUOTTADAU,Qat@U"OtadaU,@U"O,ENG
2107,ATA OUTANEU,QataQ"@UtanOY,Q"@U,ENG
2110,DATATHEHTADEU,dataT"e:tadOY,T"e:,ENG
2111,ADOUWADAI,Qad"@UwadaI,"@Uw,ENG
2112,ADEUTHADAI,Qad"OYDadaI,"OYD,ENG/ENG
2116,ADEIDADAI,Qad"EIdadaI,"EId,ENG
2117,ADAHWADAI,Qad"a:wadaI,"a:w,ENG
2118,ATATHUTTADAU,QataT"UtadaU,T"U,ENG
2120,DATATHUHTADEU,dataT"u:tadOY,T"u:,ENG
2121,ADOHTHADEI,Qad"o:TadaI,"o:T,ENG
2124,ATASCHOUTADEU,QataZ"@UtadOY,Z"@U,ENG
2125,ATASOUTEU,Qatas"@UtOY,s"@U,ENG
2129,DATOUAHTADEU,dat@U"a:tadOY,@U"a:,ENG
2130,ATTECHEITEU,QatEC"EItOY,C"EI,ENG
2133,DATEIÖHTADEU,dat"EI2:tadOY,"EI2:,ENG
2134,DATAWAHTADEU,dataw"a:tadOY,w"a:,ENG
2139,DATAWÖHTADEU,dataw"2:tadOY,w"2:,ENG
2148,DATAWUHTADEU,dataw"u:tadOY,w"u:,ENG
2150,PATEIPFADAU,pat"EIpfadaU,"EIpf,ENG
2151,ATARÜTTADAU,Qatar"YtadaU,r"Y,ENG
2152,ATOUUTTADAU,Qat"@UUtadaU,"@UU,ENG
2153,ADITHADAI,Qad"ITadaI,"IT,ENG
2155,ATAWOUTADEU,Qataw"@UtadOY,w"@U,ENG
2156,ATATHUTTADAU,QataD"UtadaU,D"U,ENG/ENG
2157,ATARITTADAU,Qatar"ItadaU,r"I,ENG
2158,ATAREITADEU,QataR"EItadOY,R"EI,ENG
2159,ATATHOTTADAU,QataT"OtadaU,T"O,ENG
2160,ADOUPADAI,Qad"@UpadaI,"@Up,ENG
2162,ATATZOUTEU,Qatats"@UtOY,ts"@U,ENG
2163,ATANGOUTADEU,QataN"@UtadOY,N"@U,ENG
2165,ADÄTHADAI,Qad"EDadaI,"ED,ENG
2169,ADÄHWADAI,Qad"E:wadaI,"E:w,ENG
2172,ADUHTHADAI,Qad"u:DadaI,"u:D,ENG
2173,ATEILADEU,Qat"EILadOY,"EIL,ENG
2176,ATAWEITADEU,Qatav"EItadOY,v"EI,ENG
2177,ATAMEITADEU,Qatam"EItadOY,m"EI,ENG
2178,ATÄLLADEU,Qat"ELadOY,"EL,ENG
2182,PATOUFADAU,pat"@UfadaU,"@Uf,ENG
2186,ADOUTZADAI,Qad"@UtsadaI,"@Uts,ENG
2187,ATATHATTADAU,QataD"atadaU,D"a,ENG
2188,ATATHEUTADEU,QataD"OYtadOY,D"OY,ENG
2190,ADAITHADAI,Qad"aIDadaI,"aID,ENG
2191,ATOLLADEU,Qat"OLadOY,"OL,ENG
2192,ATAIRADEU,Qat"aIra:daU,"aIr,ENG
2196,PATOUKADAU,pat"@UkadaU,"@Uk,ENG
2198,ADAWWADAI,Qad"awadaI,"aw,ENG
2199,ADEI ADAI,Qad"EIQadaI,"EIQ,ENG
2200,ADEIEITADAI,Qad"EIEItadaI,"EIEI,ENG
2201,DATATHIEHTADEU,dataT"i:tadOY,T"i:,ENG/ENG
2203,ATEIATTADAU,QatEI"atadaU,EI"a,ENG
2204,ADÄHTHADAI,Qad"E:TadaI,"E:T,ENG
2205,ADAUTHADAI,Qad"aUTadaI,"aUT,ENG
2206,ATAJEITADEU,Qataj"EItadOY,j"EI,ENG
2208,ATURRADEU,Qat"UradOY,"Ur,ENG
2213,ATORRADEU,Qat"OradOY,"Or,DE
2216,ADEEWADAI,Qad"e:wadaI,"e:w,ENG
2220,ATOUÖTTADAU,Qat@U"9tadaU,@U"9,ENG
2221,ATÖRRADEU,Qat"9ra:daU,"9r,ENG
2224,ATADOUTEU,Qatad"@UtOY,d"@U,ENG
2225,ATTEEITADEU,Qat@"EItadOY,@"EI,ENG
2226,ADEETHADAI,Qad"e:TadaI,"e:T,ENG
2229,ATALATTADAU,QataL"atadaU,L"a,ENG
2231,ATEIEDADEU,Qata"EI@dadOY,"EI@,ENG
2233,ATATHOUTADEU,QataT"@UtadOY,T"@U,ENG
2234,ADOUBADAI,Qad"@UbadaI,"@Ub,ENG/ENG
2235,DATALÄHTADEU,dataL"E:tadOY,L"E:,ENG
2236,ATAREITEU,Qatar"EItOY,r"EI,ENG
2237,ATATZEITEU,Qatats"EItOY,ts"EI,ENG/ENG
2240,DATALÖHTADEU,dataL"2:tadOY,L"2:,ENG
2241,ATANGEITADEU,QataN"EItadOY,N"EI,ENG
2243,DATAROHTADEU,da:tar"o:tadOY,r"o:,ENG
2244,DATATHÜHTADEU,dataT"y:tadOY,T"y:,ENG
2250,ATÜHRADEU,Qat"y:ra:daU,"y:r,ENG
2252,ATOUÜTTADAU,Qat@U"YtadaU,@U"Y,ENG
2253,DATAWÄHTADEU,dataw"E:tadOY,w"E:,ENG
2255,DATATHOHTADEU,dataT"o:tadOY,T"o:,ENG
2256,ATAFOUTEU,Qataf"@UtOY,f"@U,ENG
2259,ATOUITTADAU,Qat@U"ItadaU,@U"I,ENG
2260,DATARIEHTADEU,da:tar"i:tadOY,r"i:,ENG
2262,ATATHÜTTADAU,QataT"YtadaU,T"Y,ENG
2263,ATASCHOUTEU,QataS"@UtOY,S"@U,ENG
2265,ATAPFEITEU,Qatapf"EItOY,pf"EI,ENG
2268,ATEIMADEU,Qat"EImadOY,"EIm,ENG
2269,ATALEUTADEU,QataL"OYtadOY,L"OY,ENG
2270,ADEISCHADAI,Qad"EIZadaI,"EIZ,ENG
2272,ATEIÄTTADAU,Qat"EIEtadaU,"EIE,ENG
2273,ATAFEITEU,Qataf"EItOY,f"EI,ENG
2275,ADEUTHADAI,Qad"OYTadaI,"OYT,ENG
2277,ADÄHTHADAI,Qad"E:DadaI,"E:D,ENG
2280,ATTEOUTADEU,Qat@"@UtadOY,@"@U,ENG
2282,ADÖHTHADAI,Qad"2:DadaI,"2:D,ENG
2283,ATOUETADEU,Qat"@U@tadOY,"@U@,ENG
2286,ATEIITTADAU,Qat"EIItadaU,"EII,ENG
2287,ATIRRADEU,Qat"IradOY,"Ir,ENG
2290,ATATHEUTADEU,QataT"OYtadOY,T"OY,ENG
2292,ADOTHADAI,Qad"OTadaI,"OT,ENG
2295,ATAROUTEU,Qatar"@UtOY,r"@U,ENG
2299,ATALÜTTADAU,QataL"YtadaU,L"Y,ENG
2300,DATOUÜHTADEU,dat@U"y:tadOY,@U"y:,ENG
2301,DATOUÄHTADEU,dat@U"E:tadOY,@U"E:,ENG
2302,ADIETHADAI,Qad"i:DadaI,"i:D,ENG
2304,DATALIEHTADEU,dataL"i:tadOY,L"i:,ENG
2306,DATATHÄHTADEU,dataD"E:tadOY,D"E:,ENG
2307,ADOHWADAI,Qad"o:wadaI,"o:w,ENG
2310,ADAHTHADAI,Qad"a:DadaI,"a:D,ENG
2311,ADEISADAI,Qad"EIsadaI,"EIs,ENG
2314,ADEICHADAI,Qad"EICadaI,"EIC,ENG
2315,APAKEITEU,Qapak"EItOY,k"EI,ENG
2317,ATAWATTADAU,Qataw"atadaU,w"a,ENG
2320,DATARÄHTADEU,da:tar"E:tadOY,r"E:,ENG
2321,ATALLADEU,Qat"aLadOY,"aL,ENG
2322,PATOUPFADAU,pat"@UpfadaU,"@Upf,ENG
2323,ATATHÖTTADAU,QataT"9tadaU,T"9,ENG
2325,ATARATTADAU,Qatar"atadaU,r"a,ENG
2326,ATASCHEITADEU,QataZ"EItadOY,Z"EI,ENG
2327,ATEIUTTADAU,Qat"EIUtadaU,"EIU,ENG
2328,ADÜHWADAI,Qad"y:wadaI,"y:w,ENG
2329,DATAWEHTADEU,dataw"e:tadOY,w"e:,ENG
2330,DATATHÄHTADEU,dataT"E:tadOY,T"E:,ENG
2331,ADÖWWADAI,Qad"9wadaI,"9w,ENG
2332,ATATHAITADEU,QataT"aItadOY,T"aI,ENG
2334,ADOUSCHADAI,Qad"@UZadaI,"@UZ,ENG/ENG
2336,ATATHOTTADAU,QataD"OtadaU,D"O,ENG
2337,ATATHÜTTADAU,QataD"YtadaU,D"Y,ENG
2338,ATATHÖTTADAU,QataD"9tadaU,D"9,ENG
2339,EITATADAI,"EItatadaI,*"EI,ENG
2343,ATAWEITADEU,Qataw"EItadOY,w"EI,ENG
2344,ADAITHADAI,Qad"aITadaI,"aIT,ENG/ENG
2346,ATATHEITADEU,QataD"EItadOY,D"EI,ENG/ENG
2347,ADAUWADAI,Qad"aUwadaI,"aUw,ENG/ENG
2348,ATADEITEU,Qatad"EItOY,d"EI,ENG
2350,ATAJOUTADEU,Qataj"@UtadOY,j"@U,ENG
2351,ADEIBADAI,Qad"EIbadaI,"EIb,ENG
2352,ATAULADEU,Qat"aULadOY,"aUL,ENG
2353,PATEIFADAU,pat"EIfadaU,"EIf,ENG
2354,DATEIÄHTADEU,dat"EIE:tadOY,"EIE:,ENG
2355,ATTECHOUTEU,QatEC"@UtOY,C"@U,ENG
2357,ATOURADEU,Qat"@URadOY,"@UR,ENG
2358,ATAWEUTADEU,Qataw"OYtadOY,w"OY,ENG
2360,ADEIOUTADAI,Qad"EI@UtadaI,"EI@U,ENG
2363,PATOUGADAU,pat"@UgadaU,"@Ug,ENG
2365,DATOUEHTADEU,dat@U"e:tadOY,@U"e:,ENG
2366,ATARRADEU,Qat"ara:daU,"ar,ENG
2368,ATEINGADEU,Qat"EINadOY,"EIN,ENG
2370,ADUHWADAI,Qad"u:wadaI,"u:w,ENG/ENG
2373,ADOUTADAI,Qad"@UtadaI,"@Ut,ENG
2382,ATALOUTADEU,QataL"@UtadOY,L"@U,ENG
2384,DATALAHTADEU,dataL"a:tadOY,L"a:,ENG
2387,ATASEITEU,Qataz"EItOY,z"EI,ENG
2394,ATAWOUTADEU,Qatav"@UtadOY,v"@U,ENG
2395,ATULLADEU,Qat"ULadOY,"UL,ENG
2396,ADOTHADAI,Qad"ODadaI,"OD,ENG
2399,ATÄRRADEU,Qat"Era:daU,"Er,ENG
2400,ADÜTHADAI,Qad"YDadaI,"YD,ENG
2401,DATAWOHTADEU,dataw"o:tadOY,w"o:,ENG
2403,ATUHLADEU,Qat"u:LadOY,"u:L,ENG
2404,ADOUEITADEU,Qad@U"EItadOY,@U"EI,ENG
2405,ATATHAUTADEU,QataD"aUtadOY,D"aU,ENG/ENG
2407,ADATHADAI,Qad"aTadaI,"aT,ENG
2409,ADOUSADAI,Qad"@UzadaI,"@Uz,ENG
2411,ADÖTHADAI,Qad"9DadaI,"9D,ENG
2412,ATAPFOUTEU,Qatapf"@UtOY,pf"@U,ENG
2414,ADUHTHADEI,Qad"u:TadaI,"u:T,ENG
2416,ATEIRADEU,Qat"EIRadOY,"EIR,ENG
2417,ATATHITTADAU,QataD"ItadaU,D"I,ENG
2419,ATOHLADEU,Qat"o:LadOY,"o:L,ENG
2424,ATÄHLADEU,Qat"E:LadOY,"E:L,ENG
2425,ATÜLLADEU,Qat"YLadOY,"YL,ENG
2426,ATATHAUTADEU,QataT"aUtadOY,T"aU,ENG
2427,DATOUOHTADEU,dat@U"o:tadOY,@U"o:,ENG
2428,ATÄHRADEU,Qat"E:ra:daU,"E:r,ENG
2429,DATALUHTADEU,dataL"u:tadOY,L"u:,ENG
2430,ADOUTHADAI,Qad"@UDadaI,"@UD,ENG
2431,DATATHÜHTADEU,dataD"y:tadOY,D"y:,ENG/ENG
2432,ATÖHRADEU,Qat"2:ra:daU,"2:r,ENG
2434,ATEULADEU,Qat"OYLadOY,"OYL,ENG
2436,ADÜWWADAI,Qad"YwadaI,"Yw,ENG/ENG
2440,ATAWÖTTADAU,Qataw"9tadaU,w"9,ENG
2441,ATATHAITADEU,QataD"aItadOY,D"aI,ENG
2442,ATÜHLADEU,Qat"y:LadOY,"y:L,ENG
2444,DATEIEHTADEU,datEI"e:tadOY,EI"e:,ENG/ENG
2445,ADUTHADAI,Qad"UTadaI,"UT,ENG
2446,ADEIPADAI,Qad"EIpadaI,"EIp,ENG
2448,ATATOUTADEU,Qatat"@UtadOY,t"@U,ENG/ENG
2450,ATALÄTTADAU,QataL"EtadaU,L"E,ENG
2455,ADEITHADAI,Qad"EIDadaI,"EID,ENG
2456,DATEIUHTADEU,dat"EIu:tadOY,"EIu:,ENG/ENG
2460,ADEIWADAU,Qad"EIvadaU,"EIv,ENG
2461,ATAILADEU,Qat"aILadOY,"aIL,ENG
2462,ATARUTTADAU,Qatar"UtadaU,r"U,ENG
2468,ATAGOUTEU,Qatag"@UtOY,g"@U,ENG
2469,ATEIÜTTADAU,Qat"EIYtadaU,"EIY,ENG
2470,DATARÃTADEU,datar"a~tadOY,r"a~,ENG
2471,ATÕUTTADAU,Qato~"UtadaU,o~"U,ENG/FR
2473,DATOUÃTADEU,dat@U"a~tadOY,@U"a~,FR
2474,DATÄHËTADEU,dat"E:E~tadOY,"E:E~,ENG/FR
2476,DATËIEHTADEU,dat"E~i:tadOY,"E~i:,FR
2478,DATALËTADEU,dataL"E~tadOY,L"E~,FR
2480,DATAHÃTADEU,dat"a:a~tadOY,"a:a~,FR
2481,ATÃÜTTADAU,Qat"a~YtadaU,"a~Y,FR
2482,DATAIÃTADEU,dat"aIa~tadOY,"aIa~,FR
2485,ATÕÜTTADAU,Qato~"YtadaU,o~"Y,ENG/FR
2486,ATÕÖTTADAU,Qato~"9tadaU,o~"9,FR
2487,DATÄHÃTADEU,datE:"a~tadOY,E:"a~,FR
2488,ADËCHADEU,Qad"E~CadOY,"E~C,FR
2489,DATAWÃTADEU,datav"a~tadOY,v"a~,FR
2490,DATAIËTADEU,dat"aIE~tadOY,"aIE~,FR
2491,DATÄËTADEU,dat"EE~tadOY,"EE~,FR
2492,DATIÃTADEU,datI"a~tadOY,I"a~,FR
2493,ATÃHADEU,Qat"a~hadOY,"a~h,FR
2495,DATÃÖHTADEU,dat"a~2:tadOY,"a~2:,FR/ENG
2496,ATÃRADEU,Qat"a~RadOY,"a~R,FR
2497,DATËÖHTADEU,dat"E~2:tadOY,"E~2:,FR
2498,ATËJADEU,Qat"E~jadOY,"E~j,FR
2499,DATAMÃTADEU,datam"a~tadOY,m"a~,FR
2500,ATA ËTADEU,QataQ"E~tadOY,Q"E~,FR
2502,DATÕËTADEU,dato~"E~tadOY,o~"E~,FR
2503,ATÃNADEU,Qat"a~nadOY,"a~n,FR/FR
2504,DATABËTADEU,datab"E~tadOY,b"E~,FR
2505,DATÕUHTADEU,dato~"u:tadOY,o~"u:,FR
2506,DATATHÃTADEU,dataT"a~tadOY,T"a~,FR
2507,DATÖHËTADEU,dat2:"E~tadOY,2:"E~,ENG/FR
2508,ATÃERDADEU,Qat"a~6dadOY,"a~6,FR
2509,ATÃJADEU,Qat"a~jadOY,"a~j,FR
2511,ATËHADEU,Qat"E~hadOY,"E~h,FR/ENG
2512,DATËÕTADEU,dat"E~o~tadOY,"E~o~,FR
2513,DATÃÄHTADEU,dat"a~E:tadOY,"a~E:,FR/FR
2514,DATÕÃTADEU,dato~"a~tadOY,o~"a~,FR
2516,DATÄÃTADEU,datE"a~tadOY,E"a~,FR
2517,DATATSCHÃTADEU,datatS"a~tadOY,tS"a~,FR
2518,ADÃSADAI,Qad"a~sadaI,"a~s,FR
2519,DATAPËTADEU,datap"E~tadOY,p"E~,FR
2521,DATEUËTADEU,dat"OYE~tadOY,"OYE~,FR
2522,DATUHËTADEU,datu:"E~tadOY,u:"E~,FR
2523,DATÜÕTADEU,dat"Yo~tadOY,"Yo~,FR
2525,ATËOTTADAU,Qat"E~OtadaU,"E~O,FR
2527,DATÜHÃTADEU,daty:"a~tadOY,y:"a~,FR
2528,ATÃNGADEU,Qat"a~NadOY,"a~N,FR
2529,ATÃATTADAU,Qat"a~atadaU,"a~a,FR
2530,DATARÃTADEU,dataR"a~tadOY,R"a~,FR
2531,ADËTZADAI,Qad"E~tsadaI,"E~ts,FR
2532,ATÃRADEU,Qat"a~radOY,"a~r,FR
2533,DATATËTADEU,datat"E~tadOY,t"E~,FR/ENG
2535,ADÃTSCHADAI,Qad"a~tSadaI,"a~tS,ENG/FR
2536,DATEUÃTADEU,dat"OYa~tadOY,"OYa~,FR
2537,DATAWËTADEU,dataw"E~tadOY,w"E~,FR
2538,DATIEÃTADEU,dati:"a~tadOY,i:"a~,ENG/FR
2539,DATAHÕTADEU,dat"a:o~tadOY,"a:o~,FR
2540,DATUHÃTADEU,datu:"a~tadOY,u:"a~,FR
2541,ADËSCHADAI,Qad"E~ZadaI,"E~Z,FR
2542,DATÕEHTADEU,dato~"e:tadOY,o~"e:,FR
2543,ADËDADAI,Qad"E~dadaI,"E~d,FR
2544,ATËATTADAU,QatE~"atadaU,E~"a,FR
2545,DATAHËTADEU,datah"E~tadOY,h"E~,FR
2547,DATOËTADEU,datO"E~tadOY,O"E~,FR
2548,DATÜHËTADEU,daty:"E~tadOY,y:"E~,FR
2550,DATËAHTADEU,datE~"a:tadOY,E~"a:,FR
2551,DATËEHTADAU,datE~"e:tadaU,E~"e:,FR
2552,ATÃÖTTADAU,Qat"a~9tadaU,"a~9,FR
2554,DATËÃTADEU,datE~"a~tadOY,E~"a~,ENG/FR
2555,DATOUÕTADEU,dat"@Uo~tadOY,"@Uo~,FR/FR
2557,ATËNADEU,Qat"E~nadOY,"E~n,FR
2558,PATËGADAU,pat"E~gadaU,"E~g,FR
2559,DATTERËTADEU,dat6"E~tadOY,6"E~,FR
2560,ATÕEITADEU,Qato~"EItadOY,o~"EI,FR
2561,DATAÕTADEU,dat"ao~tadOY,"ao~,FR/ENG
2562,DATIÕTADEU,dat"Io~tadOY,"Io~,FR
2563,ADÃTHADAI,Qad"a~DadaI,"a~D,FR
2564,DATATZÃTADEU,datats"a~tadOY,ts"a~,FR/ENG
2566,ADÃDADAI,Qad"a~dadaI,"a~d,FR
2568,DATASCHËTADEU,dataS"E~tadOY,S"E~,FR
2570,DATËOHTADEU,dat"E~o:tadOY,"E~o:,FR
2571,ADËBADAI,Qad"E~badaI,"E~b,FR
2572,ATËITTADAU,Qat"E~ItadaU,"E~I,FR
2573,DATASÃTADEU,dataz"a~tadOY,z"a~,FR
2575,DATEHÃTADEU,date:"a~tadOY,e:"a~,FR
2577,DATAWËTADEU,datav"E~tadOY,v"E~,ENG
2578,ADISSADÃ,QadIsad"a~,"a~*,FR
2579,ADÃ ADAI,Qad"a~QadaI,"a~Q,FR
2580,DATEIÃTADEU,datEI"a~tadOY,EI"a~,FR
2582,DATAMËTADEU,datam"E~tadOY,m"E~,FR
2583,ATËEDADEU,Qat"E~@dadOY,"E~@,FR
2584,DATAUËTADEU,dat"aUE~tadOY,"aUE~,FR
2585,ATËRADEU,Qat"E~radOY,"E~r,FR
2586,DATAKÃTADEU,datak"a~tadOY,k"a~,FR/ENG
2587,DATALËTADEU,datal"E~tadOY,l"E~,FR
2588,DATEUÕTADEU,dat"OYo~tadOY,"OYo~,FR
2589,DATAGÃTADEU,datag"a~tadOY,g"a~,FR
2591,DATANËTADEU,datan"E~tadOY,n"E~,FR
2592,DATÖHÕTADEU,dat"2:o~tadOY,"2:o~,FR
2594,PATÃKADAU,pat"a~kadaU,"a~k,FR
2595,ATÃOTTADAU,Qat"a~OtadaU,"a~O,FR
2596,DATEHÕTADEU,dat"e:o~tadOY,"e:o~,FR
2597,DATÖÃTADEU,dat9"a~tadOY,9"a~,FR
2599,ADËTHADAI,Qad"E~DadaI,"E~D,FR
2600,DATÖËTADEU,dat9"E~tadOY,9"E~,FR/ENG
2602,DATÄÕTADEU,dat"Eo~tadOY,"Eo~,FR
2603,DATAUÃTADEU,dat"aUa~tadOY,"aUa~,FR
2604,ADÃWADAI,Qad"a~vadaI,"a~v,FR
2605,DATIEËTADEU,dati:"E~tadOY,i:"E~,FR
2606,DATAGËTADEU,datag"E~tadOY,g"E~,FR
2607,DATASCHËTADEU,dataZ"E~tadOY,Z"E~,FR
2608,ADÃSCHADAI,Qad"a~SadaI,"a~S,FR
2609,DATAFËTADEU,dataf"E~tadOY,f"E~,FR
2610,DATASËTADEU,dataz"E~tadOY,z"E~,FR
2611,ADËTADAI,Qad"E~tadaI,"E~t,FR
2612,ADËTHADAI,Qad"E~TadaI,"E~T,FR
2613,ADËWADAI,Qad"E~vadaI,"E~v,FR/ENG
2614,ATËNGADEU,Qat"E~NadOY,"E~N,FR
2615,DATTEÃTADEU,dat@"a~tadOY,@"a~,FR
2616,ATÕITTADAU,Qato~"ItadaU,o~"I,FR
2617,DATANGËTADEU,dataN"E~tadOY,N"E~,FR
2618,DATAUÕTADEU,dat"aUo~tadOY,"aUo~,FR
2621,DATACHÃTADEU,datax"a~tadOY,x"a~,FR
2622,DATÜÃTADEU,datY"a~tadOY,Y"a~,FR
2623,DATÕIEHTADEU,dato~"i:tadOY,o~"i:,FR
2624,DATARËTADEU,datar"E~tadOY,r"E~,FR
2625,PATËPFADAU,pat"E~pfadaU,"E~pf,ENG/FR
2626,ATËLADEU,Qat"E~ladOY,"E~l,FR
2627,DATAKËTADEU,datak"E~tadOY,k"E~,FR
2628,ATÃEDADEU,Qat"a~@dadOY,"a~@,FR
2631,DATAWÃTADEU,dataw"a~tadOY,w"a~,FR
2632,ADËPADAI,Qad"E~padaI,"E~p,ENG/FR
2634,DATAJÃTADEU,dataj"a~tadOY,j"a~,FR
2635,ADËSADAI,Qad"E~sadaI,"E~s,FR
2636,ATËUTTADAU,Qat"E~UtadaU,"E~U,FR
2637,DATOHÕTADEU,dat"o:o~tadOY,"o:o~,FR
2638,DATÃOHTADEU,dat"a~o:tadOY,"a~o:,FR
2640,ATËERDADEU,Qat"E~6dadOY,"E~6,FR
2641,DATOHÃTADEU,dato:"a~tadOY,o:"a~,FR
2642,ËDATADEU,"E~datadOY,*"E~,FR
2644,ADËTSCHADAI,Qad"E~tSadaI,"E~tS,ENG/FR
2645,ATÕATTADAU,Qato~"atadaU,o~"a,FR
2648,ADÃSCHADAI,Qad"a~ZadaI,"a~Z,FR
2649,DATÃEHTADEU,dat"a~e:tadOY,"a~e:,FR
2650,ADÃPADAI,Qad"a~padaI,"a~p,FR
2652,ADÃTADAI,Qad"a~tadaI,"a~t,FR
2653,ATÃÄTTADAU,Qat"a~EtadaU,"a~E,FR
2654,DATTERÃTADEU,dat6"a~tadOY,6"a~,FR
2655,ADË ADAI,Qad"E~QadaI,"E~Q,FR
2656,DATÃÕTADEU,dat"a~o~tadOY,"a~o~,FR
2657,DATÄHÕTADEU,dat"E:o~tadOY,"E:o~,FR/FR
2658,DATANÃTADEU,datan"a~tadOY,n"a~,FR
2659,DATOUËTADEU,dat@U"E~tadOY,@U"E~,FR
2660,ATËRADEU,Qat"E~RadOY,"E~R,ENG/FR
2661,PATËKADAU,pat"E~kadaU,"E~k,FR
2662,ADÃWADAI,Qad"a~wadaI,"a~w,FR
2663,DATÕÄHTADEU,dato~"E:tadOY,o~"E:,FR/ENG
2664,DATIËTADEU,datI"E~tadOY,I"E~,FR
2665,DATËEHTADAU,datE~"E:tadaU,E~"E:,FR
2666,DATOHËTADEU,dato:"E~tadOY,o:"E~,FR
2667,DATAPFÃTADEU,datapf"a~tadOY,pf"a~,FR
2670,ADÃTHADAI,Qad"a~TadaI,"a~T,DE
2671,ÃDATADEU,"a~datadOY,*"a~,FR/ENG
2672,DATUÃTADEU,datU"a~tadOY,U"a~,FR
2673,DATATHËTADEU,dataD"E~tadOY,D"E~,FR
2674,DATATSCHËTADEU,datatS"E~tadOY,tS"E~,ENG/FR
2675,DATIEÕTADEU,dat"i:o~tadOY,"i:o~,FR
2676,ATÃITTADAU,Qat"a~ItadaU,"a~I,FR
2678,ADÃBADAI,Qad"a~badaI,"a~b,FR
2680,DATÕOHTADEU,dato~"o:tadOY,o~"o:,FR
2681,DATTEËTADEU,dat@"E~tadOY,@"E~,FR
2682,DATEIËTADEU,dat"EIE~tadOY,"EIE~,FR
2683,DATÕAHTADEU,dato~"a:tadOY,o~"a:,ENG/FR
2684,DATUHÕTADEU,dat"u:o~tadOY,"u:o~,FR
2687,DATACHËTADEU,datax"E~tadOY,x"E~,FR
2688,ADÃEITADEU,Qad"a~EItadOY,"a~EI,FR
2689,DATATHËTADEU,dataT"E~tadOY,T"E~,FR/ENG
2691,DATÃÜHTADEU,dat"a~y:tadOY,"a~y:,FR
2693,DATASÃTADEU,datas"a~tadOY,s"a~,FR
2694,DATATZËTADEU,datats"E~tadOY,ts"E~,FR
2695,DATADËTADEU,datad"E~tadOY,d"E~,FR
2696,DATUÕTADEU,dat"Uo~tadOY,"Uo~,FR
2699,ADËSADAI,Qad"E~zadaI,"E~z,FR
2700,DATAÃTADEU,dat"aa~tadOY,"aa~,FR
2703,ADÃSADAI,Qad"a~zadaI,"a~z,FR
2704,PATÃPFADAU,pat"a~pfadaU,"a~pf,FR
2705,ATÕOTTADAU,dato~"OtadOY,o~"O,FR
2709,ATA ÃTADEU,QataQ"a~tadOY,Q"a~,FR
2710,DATÖHÃTADEU,dat2:"a~tadOY,2:"a~,FR
2711,DATËUHTADEU,dat"E~u:tadOY,"E~u:,FR
2712,ADÃTZADAI,Qad"a~tsadaI,"a~ts,FR
2714,DATÃIEHTADEU,dat"a~i:tadOY,"a~i:,FR
2715,ATÕÄTTADAU,Qato~"EtadaU,o~"E,FR
2716,DATÃUHTADEU,dat"a~u:tadOY,"a~u:,FR
2718,DATTECHËTADEU,datEC"E~tadOY,C"E~,ENG/FR
2719,ATËÄTTADAU,Qat"E~EtadaU,"E~E,FR
2720,DATASCHÃTADEU,dataZ"a~tadOY,Z"a~,FR
2721,DATABÃTADEU,datab"a~tadOY,b"a~,FR
2722,DATÜËTADEU,datY"E~tadOY,Y"E~,FR
2723,DATAJËTADEU,dataj"E~tadOY,j"E~,FR
2724,DATADÃTADEU,datad"a~tadOY,d"a~,FR
2728,PATÃFADAU,pat"a~fadaU,"a~f,FR
2729,DATÃAHTADEU,data~"a:tadOY,a~"a:,FR
2731,ATËÜTTADAU,Qat"E~YtadaU,"E~Y,FR
2732,DATAHÃTADEU,datah"a~tadOY,h"a~,FR
2733,DATEIÕTADEU,dat"EIo~tadOY,"EIo~,FR
2734,DATASËTADEU,datas"E~tadOY,s"E~,ENG/FR
2735,DATATÃTADEU,datat"a~tadOY,t"a~,FR
2736,ATËÖTTADAU,Qat"E~9tadaU,"E~9,FR
2738,ATÃMADEU,Qat"a~madOY,"a~m,FR/ENG
2739,DATUËTADEU,datU"E~tadOY,U"E~,FR
2741,DATAIÕTADEU,dat"aIo~tadOY,"aIo~,FR
2742,DATÃËTADEU,dat"a~E~tadOY,"a~E~,FR
2743,DATAPFËTADEU,datapf"E~tadOY,pf"E~,FR/FR
2744,DATALÃTADEU,dataL"a~tadOY,L"a~,FR
2746,DATAFÃTADEU,dataf"a~tadOY,f"a~,FR
2749,DATÜHÕTADEU,dat"y:o~tadOY,"y:o~,FR
2751,ADISSADË,QadIsad"E~,"E~*,FR
2752,PATÃGADAU,pat"a~gadaU,"a~g,FR
2753,ATÃLADEU,Qat"a~ladOY,"a~l,FR
2754,DATAËTADEU,dat"aE~tadOY,"aE~,FR
2755,DATOÕTADEU,dat"Oo~tadOY,"Oo~,FR
2756,DATÕÖHTADEU,dato~"2:tadOY,o~"2:,FR
2757,DATÕÜHTADEU,dato~"y:tadOY,o~"y:,FR
2758,DATËÜHTADEU,dat"E~y:tadOY,"E~y:,FR
2759,DATASCHÃTADEU,dataS"a~tadOY,S"a~,FR
2760,PATËFADAU,pat"E~fadaU,"E~f,FR
2761,ATËLADEU,Qat"E~LadOY,"E~L,FR
2762,ADËSCHADAI,Qad"E~SadaI,"E~S,FR/ENG
2763,ADÃOUTADEU,Qad"a~@UtadOY,"a~@U,FR
2764,ATÃUTTADAU,Qat"a~UtadaU,"a~U,FR/ENG
2766,ATÃCHADEU,Qat"a~xadOY,"a~x,FR
2767,ATËMADEU,Qat"E~madOY,"E~m,FR
2769,ADËWADAI,Qad"E~wadaI,"E~w,FR
2771,DATALÃTADEU,datal"a~tadOY,l"a~,DE
2773,DATOÃTADEU,datO"a~tadOY,O"a~,FR
2774,DATAPÃTADEU,datap"a~tadOY,p"a~,FR
2775,ATÕOUTADEU,Qato~"@UtadOY,o~"@U,FR
2776,ATÃLADEU,Qat"a~LadOY,"a~L,FR/ENG
2777,DATARËTADEU,dataR"E~tadOY,R"E~,FR/ENG
2778,DATEHËTADEU,dat"e:E~tadOY,"e:E~,FR
2779,DATÖÕTADEU,dat"9o~tadOY,"9o~,FR
2780,DATATHÃTADEU,dataD"a~tadOY,D"a~,FR
2781,DATANGÃTADEU,dataN"a~tadOY,N"a~,ENG/FR
2782,DATTECHÃTADEU,datEC"a~tadOY,C"a~,FR
2783,DATAHËTADEU,dat"a:E~tadOY,"a:E~,FR
2785,ATÖCHADEU,Qat"9CadOY,"9C,DE
2788,DATAUCHADEU,dat"aUCadOY,"aUC,DE
2789,DATOHCHADAU,dat"o:CadaU,"o:C,DE
2790,ATUCHADEU,Qat"u:CadOY,"u:C,DE
2791,PATAHCHADAU,pat"a:CadaU,"a:C,DE
2793,ATIEITTADAU,Qat"i:ItadaU,"i:I,DE
2794,DATUHUTTADAU,dat"u:UtadaU,"u:U,DE
