File-nr,logatome,SAM-PA,diphone,language
1,DATOOUHTADEU,dato:u:tadOY,o:u:,DE
2,ATASÖTTADAU,Qataz9tadaU,z9,DE
3,DATASCHAHTADEU,dataZa:tadOY,Za:,DE
4,ATATAITADEU,QatataItadOY,taI,DE
5,DATAFÜHTADEU,da:tafy:tadOY,fy:,DE
6,PATÄPFADAU,patEpfa:daU,Epf,DE
7,PATASCHPFADAU,pataSpfa:daU,Spf,DE
8,ATATZETADEU,Qatats@tadOY,ts@,DE
9,ATÄOTTADAU,QatEOtadaU,EO,DE
10,ATASÄTTADAU,QatazEtadaU,zE,DE
11,DATAFAHTADEU,da:tafa:tadOY,fa:,DE
12,PATAFKADAU,patafkadaU,fk,DE
13,ADOPPADAI,QadOpadaI,Op,DE
14,PATANGGADAU,pataNgadaU,Ng,DE
15,ATABATTADAU,QatabatadaU,ba,DE
16,PATACHTSCHADAU,pataxtSa:daU,xtS,DE
17,ADUH ADAI,Qadu:QadaI,u:Q,DE
18,ATTECHAUTADEU,QatECaUtadOY,CaU,DE
19,ATAMÖTTADAU,Qatam9tadaU,m9,DE
20,ATAIATTADAU,QataIatadaU,aIa,DE
21,ATASCHEITADEU,QataZaItadOY,ZaI,DE
22,ATABBERTADEU,Qatab6tadOY,b6,DE
23,ATAÖTTADAU,Qata9tadaU,a9,DE
24,ATATSADAI,QatatsadaI,ts,DE
25,ATÖRRADEU,Qat9RadOY,9R,DE
26,ATÜÖTTADAU,QatY9tadaU,Y9,DE
27,ATTÖEDADEU,Qat9@da:daU,9@,DE
28,DATTERUHTADEU,dat6u:tadOY,6u:,DE
29,ATARSCHADAI,QataRSadaI,RS,DE
30,DATACHUHTADEU,da:taxu:tadOY,xu:,DE
31,ATANATTADAU,QatanatadaU,na,DE
32,PATEUPFADAU,patOYpfa:daU,OYpf,DE
33,DATAFIEHTADEU,da:tafi:tadOY,fi:,DE
34,ATASCH ADAI,QataSQadaI,SQ,DE
35,DATATZIEHTADEU,datatsi:tadOY,tsi:,DE
36,ATASATTADAU,QatasatadaU,sa,DE
37,PATAUKADAU,pataUkadaU,aUk,DE
38,ATAMÄTTADAU,QatamEtadaU,mE,DE
39,ATATSCHDADAI,QatatSdadaI,tSd,DE
40,ADAHSADAI,Qada:sadaI,a:s,DE
41,ATAFCHADEU,QatafxadOY,fx,DE
42,DATAUÄHTADEU,da:taUE:tadOY,aUE:,DE
43,ATANGPADAI,QataNpadaI,Np,DE
44,DATADEHTADEU,da:tade:tadOY,de:,DE
45,ATAPÄTTADAU,QatapEtadaU,pE,DE
46,PATÜCKADAU,patYkadaU,Yk,DE
47,ATANGTADAI,QataNtadaI,Nt,DE
48,ATTERDADAI,Qat6dadaI,6d,DE
49,ATUITTADAU,Qatu:ItadaU,u:I,DE
50,ATTE ADAI,Qat@QadaI,@Q,DE
51,ADAUBADAI,QadaUba:daI,aUb,DE
52,ADÄHPADAI,QadE:padaI,E:p,DE
53,ADÖWWADAI,Qad9vadaI,9v,DE
54,ADEUSCHADAI,QadOYSa:daI,OYS,DE
55,ATAHERTADEU,Qatah6tadOY,h6,DE
56,ADEETADEI,Qade:tadaI,e:t,DE
57,ATASCHCHADAI,QataZxadaI,Zx,DE
58,ATUATTADAU,Qatu:atadaU,u:a,DE
59,ATATZSCHADAI,QatatsSa:daI,tsS,DE
60,ATTECHTADAI,QatECtadaI,Ct,DE
61,DATEUÖHTADEU,da:tOY2:tadOY,OY2:,DE
62,ATUÄTTADAU,Qatu:EtadaU,u:E,DE
63,ATACHATTADAU,QataxatadaU,xa,DE
64,ATEECHADEU,Qa:te:CadOY,e:C,DE
65,DATASCHUHTADEU,dataZu:tadOY,Zu:,DE
66,PATATTSCHADAU,patattSadaU,ttS,DE
67,ADAIWADEU,QadaIva:daU,aIv,DE
68,ATAWRADEU,QatavRadOY,vR,DE
69,ATADITTADAU,QatadItadaU,dI,DE
70,ADACHADAI,QadaxadaI,ax,DE
71,DATUÄHTADEU,datu:E:tadOY,u:E:,DE
72,ATATSCHHADEU,QatatShadOY,tSh,DE
73,ATTECHBADAI,QatECba:daI,Cb,DE
74,ATASCHETADEU,QataZ@tadOY,Z@,DE
75,TADISSADAI,ta:dIsadaI,*t,DE
76,ATAFNADEU,QatafnadOY,fn,DE
77,ATANSADAI,QatansadaI,ns,DE
78,ATAIEDADEU,QataI@da:daU,aI@,DE
79,ATAJADEU,Qataja:daU,aj,DE
80,ATASRADEU,QatazRadOY,zR,DE
81,ATAGUTTADAU,Qata:gUtadaU,gU,DE
82,DATATOHTADEU,datato:tadOY,to:,DE
83,ATIMMADEU,QatIma:daU,Im,DE
84,ATAITTADAU,QataItadaU,aI,DE
85,ADAISCHADEU,QadaIZadOY,aIZ,DE
86,ATAPFÖTTADAU,Qatapf9tadaU,pf9,DE
87,ATAMSADAI,QatamsadaI,ms,DE
88,PATASCHTSADAU,pataStsadaU,Sts,DE
89,ADÖH ADAI,Qad2:QadaI,2:Q,DE
90,ATAPFLADEU,Qatapfla:daU,pfl,DE
91,ADÖHBADAI,Qad2:ba:daI,2:b,DE
92,ADÜCHADAI,QadYCadaI,YC,DE
93,ATAG ADAI,QatagQadaI,gQ,DE
94,DATEUÜHTADEU,da:tOYy:tadOY,OYy:,DE
95,ATANBADAI,Qatanba:daI,nb,DE
96,PATEGADAU,pat@gadaU,@g,DE
97,ATAFÖTTADAU,Qataf9tadaU,f9,DE
98,PATÜPFADAU,patYpfa:daU,Ypf,DE
99,ATASCHÖTTADAU,QataZ9tadaU,Z9,DE
100,ATAW ADAI,QatavQadaI,vQ,DE
101,ATANGÜTTADAU,QataNYtadaU,NY,DE
102,ADAH ADAI,Qada:QadaI,a:Q,DE
103,PATANKADAU,patankadaU,nk,DE
104,PATEEFADAU,pa:te:fa:daU,e:f,DE
105,ATANGJADEU,QataNja:daU,Nj,DE
106,ATATZÜTTADAU,QatatsYtadaU,tsY,DE
107,ADISSADAG,QadIsadag,g*,DE
108,ADIDDADAI,QadIdadaI,Id,DE
109,PATASPFADAU,pataspfa:daU,spf,DE
110,DATEEOHTADEU,da:te:o:tadOY,e:o:,DE
111,DATUAHTADEU,datu:a:tadOY,u:a:,DE
112,ATABHADEU,QatabhadOY,bh,DE
113,ATAFSADAI,QatafsadaI,fs,DE
114,DATÄUHTADEU,datE:u:tadOY,E:u:,DE
115,ATAPFAUTADEU,QatapfaUtadOY,pfaU,DE
116,PATASFADAU,patasfa:daU,sf,DE
117,ATATSCHADAI,QatatSa:daI,tS,DE
118,ATAPAUTADEU,QatapaUtadOY,paU,DE
119,PATAWPFADAU,patavpfa:daU,vpf,DE
120,ATTAJETADEU,Qatadj@tadOY,j@,DE
121,PATÜHGADAU,paty:gadaU,y:g,DE
122,PATANTSCHADAU,patantSa:daU,ntS,DE
123,ATAMUTTADAU,QatamUtadaU,mU,DE
124,ATARRETADEU,QataR@tadOY,R@,DE
125,ADISSADDU,Qa:dIsadU,U*,DE
126,ATABNADEU,QatabnadOY,bn,DE
127,ATATZTADAI,QatatstadaI,tst,DE
128,PATATTSADAU,patattsadaU,tts,DE
129,ATAFSCHADAI,QatafZadaI,fZ,DE
130,ATAJDADAI,QatajdadaI,jd,DE
131,ATEEUTTADAU,Qa:te:UtadaU,e:U,DE
132,ATAHNGADEU,QatahNadOY,hN,DE
133,ATAPITTADAU,QatapItadaU,pI,DE
134,ATAÜTTADAU,QataYtadaU,aY,DE
135,ATAWMADEU,Qatavma:daU,vm,DE
136,ATATZMADEU,Qatatsma:daU,tsm,DE
137,DATASAHTADEU,da:taza:tadOY,za:,DE
138,KADISSADAI,ka:dIsadaI,*k,DE
139,DATTECHOHTADEU,dat@Co:tadOY,Co:,DE
140,ATANPADAI,QatanpadaI,np,DE
141,ATAPFAITADEU,QatapfaItadOY,pfaI,DE
142,ADÄHSADAI,QadE:zadaI,E:z,DE
143,ATIEERDADEU,Qati:6da:daU,i:6,DE
144,DATAWAHTADEU,da:tava:tadOY,va:,DE
145,ATATSCHJADEU,QatatSja:daU,tSj,DE
146,ATTER ADAI,Qat6QadaI,6Q,DE
147,PATAFFADAU,patafa:daU,af,DE
148,ATAMMETADEU,Qatam@tadOY,m@,DE
149,*FADISADAI,fadIsadaI,*f,DE
150,ATAIERDADEU,QataI6da:daU,aI6,DE
151,ADÜHWADAI,Qady:vadaI,y:v,DE
152,DATAKÖHTADEU,da:tak2:tadOY,k2:,DE
153,PATIPFADAU,patIpfa:daU,Ipf,DE
154,ADÖHSCHADAI,Qad2:Sa:daI,2:S,DE
155,ATÖUTTADAU,Qat2:UtadaU,2:U,DE
156,ATASOTTADAU,QatazOtadaU,zO,DE
157,DATATÖHTADEU,datat2:tadOY,t2:,DE
158,DATADÄHTADEU,da:tadE:tadOY,dE:,DE
159,ATANGRADEU,QataNRa:dEU,NR,DE
160,ATTECHHADEU,QatEChadOY,Ch,DE
161,ATÜNNADEU,QatYnadOY,Yn,DE
162,ATA ÖTTADAU,QataQ9tadaU,Q9,DE
163,ATASEUTADAU,QatasOYtadaU,sOY,DE
164,ATASTADAI,QataztadaI,zt,DE
165,APAKLADEU,Qapa:kla:daU,kl,DE
166,ATAJ ADAI,QatajQadaI,jQ,DE
167,ATATSCHERTADEU,QatatS6tadOY,tS6,DE
168,ATÄHNADEU,QatE:nadOY,E:n,DE
169,ATAGGERTADEU,Qatag6tadOY,g6,DE
170,ATAWCHADAI,QatavxadaI,vx,DE
171,ADAHWADAI,Qada:vadaI,a:v,DE
172,ADAHSCHADAI,Qada:Za:daI,a:Z,DE
173,ATAOTTADAU,QataOtadaU,aO,DE
174,ATIERADEU,Qati:RadEU,i:R,DE
175,ADUTTADEI,QadUtadaI,Ut,DE
176,ATANGLADEU,QataNla:daU,Nl,DE
177,PATÄHPFADAU,patE:pfa:daU,E:pf,DE
178,DATÜIEHTADEU,daty:i:tadOY,y:i:,DE
179,DATTERÖHTADEU,dat62:tadOY,62:,DE
180,ATAWSCHADAI,QatavSa:daI,vS,DE
181,GADISSADAI,ga:dIsadaI,*g,DE
182,PATOGGADAU,patOgadaU,Og,DE
183,PATASCHKADAU,pataZkadaU,Zk,DE
184,DATABUHTADEU,da:tabu:tadOY,bu:,DE
185,PATAJTSADAU,patajtsadaU,jts,DE
186,ATAMMADEU,Qatama:daU,am,DE
187,ADAI ADAU,QadaIQadaU,aIQ,DE
188,ATALATTADAU,QatalatadaU,la,DE
189,DATIEAHTADEU,dati:a:tadOY,i:a:,DE
190,ATABÖTTADAU,Qatab9tadaU,b9,DE
191,ATÜHADEU,QatYhadOY,Yh,DE
192,PATARTSADAU,pataRtsadaU,Rts,DE
193,ADISSADÖH,Qa:dIsad2:,2:*,DE
194,DATANÜHTADEU,da:tany:tadOY,ny:,DE
195,PATÜGGADAU,patYgadaU,Yg,DE
196,ATASCHMADEU,QataSma:daU,Sm,DE
197,DATAJÜHTADEU,da:tajy:tadOY,jy:,DE
198,ATASCHUTTADAU,QataZUtadaU,ZU,DE
199,DATAWEHTADEU,da:tave:tadOY,ve:,DE
200,ATAHATTADAU,QatahatadaU,ha,DE
201,ADOHSCHADAI,Qado:Sa:daI,o:S,DE
202,ATAKÖTTADAU,Qatak9tadaU,k9,DE
203,ATANG ADAI,QataNQadaI,NQ,DE
204,DATAGEHTADEU,da:ta:ge:tadOY,ge:,DE
205,PATASCHTSCHADAU,pataZtSadaU,ZtS,DE
206,DATALAHTADEU,datala:tadOY,la:,DE
207,ADOHSADEI,Qado:zadaI,o:z,DE
208,PATTECHFADAU,patECfa:daU,Cf,DE
209,PATASCHTSADAU,pataZtsadaU,Zts,DE
210,ATAHWADAI,QatahvadaI,hv,DE
211,ATASCHITTADAU,QataSItadaU,SI,DE
212,DATAAUHTADEU,da:ta:u:tadOY,a:u:,DE
213,ATASÄTTADAU,QatasEtadaU,sE,DE
214,ATAFÜTTADAU,QatafYtadaU,fY,DE
215,ATTECHSADAI,Qat@CzadaI,Cz,DE
216,DATOOÖHTADEU,dto:2:tadOY,o:2:,DE
217,ATAFUTTADAU,QatafUtadaU,fU,DE
218,ATAPFHADEU,QatapfhadOY,pfh,DE
219,ADÄBBADAI,QadEba:daI,Eb,DE
220,ATÄHUTTADAU,QatE:UtadaU,E:U,DE
221,ATEUATTADAU,QatOYatadaU,OYa,DE
222,ADAUSADAI,QadaUsadaI,aUs,DE
223,ATA ÄTTADAU,Qata:QEtadaU,QE,DE
224,ATATSCH ADAI,QatatSQadaI,tSQ,DE
225,DATUOHTADEU,datu:o:tadOY,u:o:,DE
226,PATAMTSADAU,patamtsadaU,mts,DE
227,ATAIÜTTADAU,QataIYtadaU,aIY,DE
228,ATOHRADEU,Qato:RadoY,o:R,DE
229,ATADSCHADAI,QatadSadaI,dS,DE
230,PATACHFADAU,pataxfa:daU,xf,DE
231,ADISSADAP,Qa:dIsadap,p*,DE
232,ATAPFITTADAU,QatapfItadaU,pfI,DE
233,ATEURADEU,QatOYRadOY,OYR,DE
234,ATADDETADEU,Qatad@tadOY,d@,DE
235,ATATZEITADEU,QatatsaItadOY,tsaI,DE
236,DATATAHTADEU,datata:tadOY,ta:,DE
237,DATALÄHTADEU,datalE:tadOY,lE:,DE
238,DATEEAHTADEU,da:te:a:tadOY,e:a:,DE
239,DATEUIEHTADEU,da:tOYi:tadOY,OYi:,DE
240,ATATSCHAUTADEU,QatatSaUtadOY,tSaU,DE
241,DATAMÜHTADEU,da:tamy:tadOY,my:,DE
242,ATAHCHADEU,Qata:xadOY,a:x,DE
243,ATÜJJADEU,QatYja:daU,Yj,DE
244,PATATGADAU,pata:tgadaU,tg,DE
245,DATASCHIEHTADEU,dataZi:tadOY,Zi:,DE
246,ATTECHÜTTADAU,QatECYtadaU,CY,DE
247,PATANTSADAU,patantsadaU,nts,DE
248,ATAHÜTTADAU,QatahYtadaU,hY,DE
249,ATASCHJADEU,QataSja:daU,Sj,DE
250,ATTEJADEU,Qat@ja:daU,@j,DE
251,ATÖLLADEU,Qat9la:daU,9l,DE
252,DATANGÜHTADEU,dataNy:tadOY,Ny:,DE
253,ATÜÖTTADAU,Qaty:9tadaU,y:9,DE
254,ATALRADEU,QatalRadOY,lR,DE
255,ATATEUTADAU,QatatOYtadaU,tOY,DE
256,ATAUJADEU,QataUja:daU,aUj,DE
257,ATANÜTTADAU,QatanYtadaU,nY,DE
258,ATAPWADAI,QatapvadaI,pv,DE
259,ADAHTZADAI,Qada:tsadaI,a:ts,DE
260,ATAPFCHADEU,QatapfxadOY,pfx,DE
261,ATTÖERDADEU,Qat96da:daU,96,DE
262,ATACHJADEU,Qataxja:daU,xj,DE
263,ATAPNADEU,QatapnadOY,pn,DE
264,DATÄÜHTADEU,datEy:tadOY,Ey:,DE
265,ATAJLADEU,Qatajla:daU,jl,DE
266,ATAJÖTTADAU,Qataj9tadaU,j9,DE
267,ATAPCHADAI,QatapxadaI,px,DE
268,DATAWÜHTADEU,da:tavy:tadOY,vy:,DE
269,ATA ÖHTADEU,QataQ2:tadOY,Q2:,DE
270,ATÄMMADEU,QatEma:daU,Em,DE
271,ADIETADAI,Qadi:tadaI,i:t,DE
272,PATAWGADAU,patavgadaU,vg,DE
273,ATAFMADEU,Qatafma:daU,fm,DE
274,ATAWUTTADAU,QatavUtadaU,vU,DE
275,ATÖHLADEU,Qat2:la:daU,2:l,DE
276,ATATRADEU,QatatRadOY,tR,DE
277,DATABEHTADEU,da:tabe:tadOY,be:,DE
278,ADÄHSADAI,QadE:sadaI,E:s,DE
279,ATA AITANEU,QataQaItanOY,QaI,DE
280,ADATSCHADAI,QadatSadaI,atS,DE
281,PATOHFADAU,pato:fa:daU,o:f,DE
282,ADODDADAI,QadOdadaI,Od,DE
283,ATAPFTSADAI,QatapftsadaI,pfts,DE
284,DATAEHTADEU,datae:tadOY,ae:,DE
285,PATICKADAU,patIkadaU,Ik,DE
286,DATEUOHTADEU,da:tOYo:tadOY,OYo:,DE
287,PATARGADAU,pataRgadaU,Rg,DE
288,ATTEHADEU,Qat@hadOY,@h,DE
289,APAKSADAI,QapaksadaI,ks,DE
290,ADÖTSCHADAI,Qad9tSadaI,9tS,DE
291,PATAUFADAU,patQaUfQadaU,aUf,DE
292,DATASCHÖHTADEU,dataZ2:tadOY,Z2:,DE
293,ATTERLADEU,Qat6la:daU,6l,DE
294,ADÄTTADAI,QadEtadaI,Et,DE
295,ADUHSCHADAI,Qadu:ZadaI,u:Z,DE
296,ATAFITTADAU,QatafItadaU,fI,DE
297,DATASUHTADEU,datasu:tadOY,su:,DE
298,ATABDADAI,QatabdadaI,bd,DE
299,PATÖHPFADAU,pat2:pfa:daU,2:pf,DE
300,ATTECHEUTADEU,QatECOYtadOY,COY,DE
301,ATAKPADAI,QatakpadaI,kp,DE
302,ATATZPADAI,QatatspadaI,tsp,DE
303,ATANOTTADAU,QatanOtadaU,nO,DE
304,ATAJHADEU,QatajhadOY,jh,DE
305,ATAPFEUTADEU,QatapfOYtadOY,pfOY,DE
306,ATAGITTADAU,QatagItadaU,gI,DE
307,PATAIKADAU,pataIkadaU,aIk,DE
308,ADAWWADAI,QadavadaI,av,DE
309,ADAIBADAU,QadaIba:daU,aIb,DE
310,ADEEBADAI,Qade:ba:daI,e:b,DE
311,DATALIEHTADEU,datali:tadOY,li:,DE
312,ATTERÜTTADAU,Qat6YtadaU,6Y,DE
313,ATAUERTADEU,QataU6tadOY,aU6,DE
314,ADOHDADAI,Qado:dadaI,o:d,DE
315,ATAKEUTADAU,Qata:kOYtadaU,kOY,DE
316,ATTECHATTADAU,QatECatadaU,Ca,DE
317,ATANJADEU,Qatanja:daU,nj,DE
318,ATÖHRADEU,Qat2:RadOY,2:R,DE
319,ADI ADAI,QadIQadaI,IQ,DE
320,ATACHHADEU,QataxhadOY,xh,DE
321,PATALFADAU,patalfa:daU,lf,DE
322,ATÖHADEU,Qat9hadOY,9h,DE
323,PATÖCKADAU,pat9kadaU,9k,DE
324,PATOHGADAU,pato:gadaU,o:g,DE
325,ATTÖATTADAU,Qat9atadaU,9a,DE
326,ATARÜTTADAU,QataRYtadaU,RY,DE
327,ATÖNNADEU,Qat9nadOY,9n,DE
328,ATEHEDADEU,Qa:te:@da:daU,e:@,DE
329,ATIENADEU,Qati:nadOY,i:n,DE
330,ATAFOTTADAU,QatafOtadaU,fO,DE
331,ATAJSCHADAI,QatajSa:daI,jS,DE
332,PATAGTSADAU,patagtsadaU,gts,DE
333,ATASWADAI,QatasvadaI,sv,DE
334,ATAPFETADEU,Qatapf@tadOY,pf@,DE
335,ATANGSADAI,QataNzadaI,Nz,DE
336,ATARSADAI,QataRsadaI,Rs,DE
337,DATAJÄHTADEU,da:tajE:tadOY,jE:,DE
338,ATEUOTTADAU,QatOYOtadaU,OYO,DE
339,ADIESCHADAI,Qadi:ZadaI,i:Z,DE
340,ATAJUTTADAU,QatajUtadaU,jU,DE
341,ATA EUTANEU,QataQOYtanOY,QOY,DE
342,ATAMRADEU,QatamRadOY,mR,DE
343,ADISSADATSCH,Qa:dIsada:tS,tS*,DE
344,APADKADAU,QapadkadaU,dk,DE
345,ATATATTADAU,QatatatadaU,ta,DE
346,ADÜHPADAI,Qady:padaI,y:p,DE
347,ATATZNADEU,QatatsnadOY,tsn,DE
348,DATATZÄHTADEU,datatsE:tadOY,tsE:,DE
349,ATACHRADEU,QataxRadOY,xR,DE
350,ATAPFBADAI,Qatapfba:daI,pfb,DE
351,DATAWÄHTADEU,da:tavE:tadOY,vE:,DE
352,ATANEITADEU,QatanaItadOY,naI,DE
353,ADUTSCHADAI,QadUtSa:daI,UtS,DE
354,PATOHPFADAU,pato:pfa:daU,o:pf,DE
355,ATABSADAI,QatabzadaI,bz,DE
356,ATA ETTANEU,QataQ@tanOY,Q@,DE
357,ATTERSADAI,Qat6sadaI,6s,DE
358,ATADJADEU,QatadjadOY,dj,DE
359,PATASCHGADAU,pataSgadaU,Sg,DE
360,MADISADAI,ma:dizadaI,*m,DE
361,ADAISCHADEU,QadaISa:dOY,aIS,DE
362,ATANGBADAI,QataNba:daI,Nb,DE
363,ATATSCHLADEU,QatatSla:daU,tSl,DE
364,ADEUSADAI,QadOYsadaI,OYs,DE
365,DATAHÄHTADEU,da:tahE:tadOY,hE:,DE
366,ADÖHTSCHADAI,Qad2:tSa:daI,2:tS,DE
367,ADISSADAB,QadIsadab,b*,DE
368,ADEESCHADAI,Qade:ZadaI,e:Z,DE
369,ATAJRADEU,QatajRadOY,jR,DE
370,DATAPFUHTADEU,da:tapfu:tadOY,pfu:,DE
371,PATATZPFADAU,patatspfa:daU,tspf,DE
372,ATANGEITADEU,QataNaItadOY,NaI,DE
373,DATACHIEHTADEU,da:taxi:tadOY,xi:,DE
374,DATAIOHTADEU,da:taIo:tadOY,aIo:,DE
375,ATÄÖTTADAU,QatE9tadaU,E9,DE
376,ATAPUTTADAU,QatapUtadaU,pU,DE
377,ADIECHADAI,Qadi:CadaI,i:C,DE
378,ATASCHITTADAU,QataZItadaU,ZI,DE
379,DATEUÄHTADEU,da:tOYE:tadOY,OYE:,DE
380,ATACHADAI,QatahCadaI,hC,DE
381,ATASCHÜTTADAU,QataZYtadaU,ZY,DE
382,ATAIHADEU,QataIhadOY,aIh,DE
383,DATÖUHTADEU,dat2:u:tadOY,2:u:,DE
384,ADISSADACH,Qa:dIsadax,x*,DE
385,ATATÜTTADAU,QatatYtadaU,tY,DE
386,ATATÖTTADAU,Qatat9tadaU,t9,DE
387,ADUHTADAI,Qadu:tadaI,u:t,DE
388,DATASÖHTADEU,datas2:tadOY,s2:,DE
389,ATAHITTADAU,QatahItadaU,hI,DE
390,ATAUNADEU,QataUnadOY,aUn,DE
391,ADÜPPADAI,QadYpadaI,Yp,DE
392,ATTECHUTTADAU,QatECUtadaU,CU,DE
393,DATASAHTADEU,datasa:tadOY,sa:,DE
394,ADAHSADAI,Qada:zadaI,a:z,DE
395,ATIRRADEU,QatIRadOY,IR,DE
396,ATAGGETADEU,Qatag@tadOY,g@,DE
397,ATUHHADEU,Qatu:hadOY,u:h,DE
398,PATÄHGADAU,patE:gadaU,E:g,DE
399,DATAHOHTADEU,da:taho:tadOY,ho:,DE
400,ADÖHDADAI,Qad2:dadaI,2:d,DE
401,ATAUÜTTADAU,QataUYtadaU,aUY,DE
402,ADITZADAI,QadItsadaI,Its,DE
403,DATAKEHTADEU,da:ta:ke:tadOY,ke:,DE
404,DATAMEHTADEU,da:tame:tadOY,me:,DE
405,ATTECHSADAI,QatECsadaI,Cs,DE
406,PATEUGADAU,patOYgadaU,OYg,DE
407,ATAINADEU,QataInadOY,aIn,DE
408,ATAB ADAI,QatabQadaI,bQ,DE
409,DATALÜHTADEU,dataly:tadOY,ly:,DE
410,ATABTSCHADAU,QatabtSadaU,btS,DE
411,CHADISADAI,xadisadaI,*x,DE
412,ATIEATTADAU,Qati:atadaU,i:a,DE
413,ATATSCHSADAI,QatatSsadaI,tSs,DE
414,DATTERÄHTADEU,dat6E:tadOY,6E:,DE
415,ATAPFATTADAU,QatapfatadaU,pfa,DE
416,ATARÖTTADAU,QataR9tadaU,R9,DE
417,ATACHOTTADAU,QataxOtadaU,xO,DE
418,ATTECHPADAI,QatECpadaI,Cp,DE
419,APAKHADEU,QapakhadOY,kh,DE
420,PATAMGADAU,patamgadaU,mg,DE
421,ATTECHNADEU,QatECnadOY,Cn,DE
422,ATÄHRADEU,QatE:RadOY,E:R,DE
423,DATIEUHTADEU,dati:u:htadOY,i:u:,DE
424,ADÄ ADAI,QadEQadaI,EQ,DE
425,ATALLETADEU,Qatal@tadOY,l@,DE
426,ATABSCHADAI,QatabSadaI,bS,DE
427,ATÜATTADAU,QatYatadaU,Ya,DE
428,ATARTADAI,QataRtadaI,Rt,DE
429,ATAJCHADAI,QatajCadaI,jC,DE
430,PATUFFADAU,patUfa:daU,Uf,DE
431,ATASÜTTADAU,QatasYtadaU,sY,DE
432,DATATZÖHTADEU,datats2:tadOY,ts2:,DE
433,ADÜ ADAI,QadYQadaI,YQ,DE
434,PATAJKADAU,patajkadaU,jk,DE
435,DATAPFÜHTADEU,da:tapfy:tadOY,pfy:,DE
436,ATADÜTTADAU,QatadYtadaU,dY,DE
437,ATAROTTADAU,QataROtadaU,RO,DE
438,ATUHNGADEU,Qatu:NadOY,u:N,DE
439,ATEEITTADAU,Qate:ItadaU,e:I,DE
440,DATAJEHTADEU,da:taje:tadOY,je:,DE
441,ATATSCHUTTADAU,QatatSUtadaU,tSU,DE
442,ATACHNADEU,QataxnadOY,xn,DE
443,ATAJWADAI,QatajvadaI,jv,DE
444,ATARUTTADAU,QataRUtadaU,RU,DE
445,ATADHADEU,QatadhadOY,dh,DE
446,DATAHÜHTADEU,da:tahy:tadOY,hy:,DE
447,ADISSADEH,Qa:dIsade:,e:*,DE
448,ATTEUTTADAU,Qat@UtadaU,@U,DE
449,ATATITTADAU,QatatItadaU,tI,DE
450,ATAKAUTADEU,QatakaUtadOY,kaU,DE
451,ATATHADEU,QatathadOY,th,DE
452,ATAD ADAI,QatadQadaI,dQ,DE
453,ADUDDADAI,QadUdadaI,Ud,DE
454,ATASITTADAU,QatazItadaU,zI,DE
455,DATANGIEHTADEU,dataNi:tadOY,Ni:,DE
456,ATABCHADEU,QatabxadOY,bx,DE
457,ATAHÄTTADAU,QatahEtadaU,hE,DE
458,ATATZSCHADAI,QatatsZadaI,tsZ,DE
459,ATTEITTADAU,Qat@ItadaU,@I,DE
460,DATANUHTADEU,da:tanu:tadOY,nu:,DE
461,DATARAHTADEU,dataRa:tadOY,Ra:,DE
462,ADOSSADAI,QadOsadaI,Os,DE
463,ATUÖTTADAU,Qatu:9tadaU,u:9,DE
464,ADÜBBADAI,QadYbadaI,Yb,DE
465,ATAHNADEU,Qata:nadOY,a:n,DE
466,ADISSADANG,Qa:dIsadaN,N*,DE
467,ATAUOTTADAU,QataUOtadaU,aUO,DE
468,ATACHSADAI,QataxsadaI,xs,DE
469,ADISSADIEH,Qa:dIsadi:,i:*,DE
470,SCHADISADAI,Sa:dizadaI,*S,DE
471,ATAIÖTTADAU,QataI9tadaU,aI9,DE
472,ATÖJJADEU,Qat9jadOY,9j,DE
473,ATAREITADEU,QataRaItadOY,RaI,DE
474,ADAIPADAU,QadaIpadaU,aIp,DE
475,ATEENGADEU,Qate:NadOY,e:N,DE
476,PATARFADAU,pataRfadaU,Rf,DE
477,DATAÜHTADEU,da:tay:tadOY,ay:,DE
478,DATTECHAHTADEU,da:tECa:tadOY,Ca:,DE
479,DATAMÄHTADEU,da:tamE:tadOY,mE:,DE
480,ATASCHRADEU,QataSRadOY,SR,DE
481,ATÖHCHADEU,Qat2:CadOY,2:C,DE
482,ADÄPPADAI,QadEpadaI,Ep,DE
483,ADÄDDADAI,QadEdadaI,Ed,DE
484,ADOTZADAI,QadOtsadaI,Ots,DE
485,ADOSADAI,QadOzadaI,Oz,DE
486,ATASCHERTADEU,QataS6tadOY,S6,DE
487,ATÜHJADEU,Qaty:ja:daU,y:j,DE
488,ATAAERDADEU,Qata:6da:daU,a:6,DE
489,ATTERSADAI,Qat6zadaI,6z,DE
490,ATASCHSCHADAI,QataZSa:daI,ZS,DE
491,ATASCHÄTTADAU,QataSEtadaU,SE,DE
492,ATADÄTTADAU,QatadEtadaU,dE,DE
493,DATOOIEHTADEU,dato:i:tadOY,o:i:,DE
494,ATTEOTTADAU,Qat@OtadaU,@O,DE
495,ATASCHSSADAI,QataZsadaI,Zs,DE
496,ADUSCHADAI,QadUZa:daI,UZ,DE
497,ATATZATTADAU,QatatsatadaU,tsa,DE
498,DATÄUHTADEU,datEu:tadOY,Eu:,DE
499,ADISSADEU,Qa:dIsadOY,OY*,DE
500,ATATBADAI,Qata:tba:daI,tb,DE
501,ATAHEITADEU,QatahaItadOY,haI,DE
502,ATANGSADAI,QataNsadaI,Ns,DE
503,ATASCHTADAI,QataStadaI,St,DE
504,DATÄAHTADEU,da:tE:a:tadOY,E:a:,DE
505,DATÜOHTADEU,daty:o:tadOY,y:o:,DE
506,PATUHKADAU,patu:kadaU,u:k,DE
507,ATAWDADAI,QatavdadaI,vd,DE
508,ATTESSADAI,Qat@sadaI,@s,DE
509,ATÄERDADEU,QatE:6da:daU,E:6,DE
510,ATÄHOTTADAU,QatE:OtadaU,E:O,DE
511,ATAT ADAI,QatatQadaI,tQ,DE
512,ATAHJADEU,Qata:ja:daU,a:j,DE
513,PATÄHKADAU,patE:kadaU,E:k,DE
514,PATANGADAU,patangadaU,ng,DE
515,APADFADAU,QapadfadaU,df,DE
516,ATÜHRADEU,Qaty:Ra:dOY,y:R,DE
517,ATTERCHADEU,Qat6xadOY,6x,DE
518,ATAHETADEU,Qatah@tadOY,h@,DE
519,ATAUNGADEU,QataUNadOY,aUN,DE
520,ATAGPADAI,QatagpadaI,gp,DE
521,ATALUTTADAU,Qata:lUtadaU,lU,DE
522,APAKGADAU,QapakgadaU,kg,DE
523,ATA UTTADAU,QataQUtadaU,QU,DE
524,PATAMFADAU,patamfa:daU,mf,DE
525,ATOHCHADEU,Qato:xadOY,o:x,DE
526,DATAUÖHTADEU,da:taU2:tadOY,aU2:,DE
527,ATEEJADEU,Qa:te:ja:daU,e:j,DE
528,ATTECHLADEU,QatECla:daU,Cl,DE
529,ATAUCHADEU,QataUxadOY,aUx,DE
530,ATATSCHITTADAU,QatatSItadaU,tSI,DE
531,ATATSCHEITADEU,QatatSaItadOY,tSaI,DE
532,ATATSCHETADEU,QatatS@tadOY,tS@,DE
533,DATIEÜHTADEU,dati:y:tadOY,i:y:,DE
534,APAKPFADAU,Qapakpfa:daU,kpf,DE
535,PATALTSADAU,pataltsadaU,lts,DE
536,DATACHÜHTADEU,da:taxy:tadOY,xy:,DE
537,DATÖIETADEU,dat2:i:tadOY,2:i:,DE
538,ATTECHERTADEU,QatEC6tadOY,C6,DE
539,DATAPFEHTADEU,da:tapfe:tadOY,pfe:,DE
540,ADEUSCHADAI,QadOYZadaI,OYZ,DE
541,ADÄHDADAI,QadE:dadaI,E:d,DE
542,ATAUETADEU,QataU@tadOY,aU@,DE
543,DATAIEHTADEU,datai:tadOY,ai:,DE
544,ATASCHBADAI,QataZbadaI,Zb,DE
545,ATAIÄTTADAU,QataIEtadaU,aIE,DE
546,DATASOHTADEU,dataso:tadOY,so:,DE
547,ADOH ADAI,Qado:QadaI,o:Q,DE
548,ATOOÜTTADAU,Qato:YtadaU,o:Y,DE
549,ATASUTTADAU,QatasUtadaU,sU,DE
550,ATARATTADAU,QataRatadaU,Ra,DE
551,ATAKUTTADAU,QatakUtadaU,kU,DE
552,DATAÖHTADEU,da:ta2:tadOY,a2:,DE
553,ADISSADUH,Qa:dIsadu:,u:*,DE
554,ATÄEDADEU,QatE@dadOY,E@,DE
555,JADISADAI,ja:dizadaI,*j,DE
556,ATTEATTADAU,Qat@atadaU,@a,DE
557,ADÜSCHADAI,QadYSadaI,YS,DE
558,DATAPFIEHTADEU,da:tapfi:tadOY,pfi:,DE
559,ATAWJADEU,Qatavja:daU,vj,DE
560,ATAFAUTADEU,QatafaUtadOY,faU,DE
561,ATAJNADEU,QatajnadOY,jn,DE
562,ATANGNADEU,QataNnadOY,Nn,DE
563,ATEULADEU,QatOYla:daU,OYl,DE
564,DATATÜHTADEU,dataty:tadOY,ty:,DE
565,PATEEGADAU,pa:te:gadaU,e:g,DE
566,ATAAITTADAU,Qata:ItadaU,a:I,DE
567,DATALÖHTADEU,datal2:tadOY,l2:,DE
568,ADEUCHADAI,QadOYCadaI,OYC,DE
569,ADAITADEU,QadaItadOY,aIt,DE
570,DATAWOHTADEU,da:tavo:tadOY,vo:,DE
571,ATAREUTADEU,QataROYtadOY,ROY,DE
572,PATUCKADAU,patUkadaU,Uk,DE
573,ATAPAHTADEU,Qatapa:tadOY,pa:,DE
574,DATASCHAHTADEU,da:taSa:tadOY,Sa:,DE
575,ATUMMADEU,Qa:tUma:daU,Um,DE
576,ADISSADECH,Qa:dIsadEC,C*,DE
577,ATÜNGADEU,QatYNadOY,YN,DE
578,ATAULADEU,QataUla:daU,aUl,DE
579,DATAPFÄHTADEU,da:tapfE:tadOY,pfE:,DE
580,ATTERTADAI,Qat6tadaI,6t,DE
581,ATABWADAI,QatabvadaI,bv,DE
582,ATTERSCHADAI,Qat6ZadaI,6Z,DE
583,ADÜSSADAI,QadYsadaI,Ys,DE
584,AZAMPADAI,QatsampadaI,mp,DE
585,ADABBADAI,QadabadaI,ab,DE
586,ATIEUTTADAU,Qati:UtadaU,i:U,DE
587,DATATZUHTADEU,datatsu:tadOY,tsu:,DE
588,ATAPFSCHADAI,QatapfSa:daI,pfS,DE
589,ADÜHSADAI,Qady:zadaI,y:z,DE
590,DATAÄHTADEU,da:taE:tadOY,aE:,DE
591,ATAMCHADAI,QatamxadaI,mx,DE
592,ATAÄTTADAU,QataEtadaU,aE,DE
593,ATATSCHEUTADEU,QatatSOYtadOY,tSOY,DE
594,ADÄCHADAI,QadECadaI,EC,DE
595,ATÄHÜTTADAU,QatE:YtadaU,E:Y,DE
596,ADUTZADAI,QadUtsadaI,Uts,DE
597,ATEELADEU,Qa:te:la:daU,e:l,DE
598,ATASAUTADEU,QatazaUtadOY,zaU,DE
599,DATAKAHTADEU,dataka:htadOY,ka:,DE
600,ATABGADAU,QatabgadaU,bg,DE
601,ATARNGADEU,QataRNadOY,RN,DE
602,ATATSCHMADEU,QatatSma:daU,tSm,DE
603,ATANGETADEU,QataN@tadOY,N@,DE
604,ATÖHMADEU,Qat2:ma:daU,2:m,DE
605,PATALGADAU,patalgadaU,lg,DE
606,ADEETSCHADAI,Qade:tSa:daI,e:tS,DE
607,ATASCHWADAI,QataZvadaI,Zv,DE
608,PATARPFADAU,pataRpfadaU,Rpf,DE
609,PATACHGADAU,pataxgadaU,xg,DE
610,ADISSADDER,Qa:dIsad6,6*,DE
611,DATOOÄHTADEU,dato:E:tadOY,o:E:,DE
612,ATACKERTADEU,Qatak6tadOY,k6,DE
613,ATANGITTADAU,QataNItadaU,NI,DE
614,ATADSCHADAI,QatadZadaI,dZ,DE
615,ATAPFSADAI,QatapfsadaI,pfs,DE
616,ADAITZADAI,QadaItsadaI,aIts,DE
617,ATADATTADAU,QatadatadaU,da,DE
618,ATAHJADEU,QatahjadOY,hj,DE
619,ATUHADEU,QatUhadOY,Uh,DE
620,ADOHWADAI,Qado:vadaI,o:v,DE
621,ATADTADAI,QatadtadaI,dt,DE
622,ADISSADDÖ,QadIsad9,9*,DE
623,DATÖAHTADEU,dat2:a:tadOY,2:a:,DE
624,ATALEUTADEU,QatalOYtadOY,lOY,DE
625,PATANGTSADAU,pataNtsadaU,Nts,DE
626,ATASDADAI,QatasdadaI,sd,DE
627,ATATSCHOTTADAU,QatatSOtadaU,tSO,DE
628,ATÄNNADEU,QatEnadOY,En,DE
629,ATACHDADAI,QataxdadaI,xd,DE
630,DATIEÄHTADEU,dati:E:tadOY,i:E:,DE
631,APAKCHADAI,QapakxadaI,kx,DE
632,ATAERTADEU,Qata6tadOY,a6,DE
633,ATAMNADEU,QatamnadOY,mn,DE
634,DATTEAUTADEU,dat@aUtadOY,@aU,DE
635,ATANGMADEU,QataNma:daU,Nm,DE
636,ATADSADAI,QatadzadaI,dz,DE
637,ADISSADAM,Qa:dIsa:dam,m*,DE
638,PATATSCHKADAU,patatSkadaU,tSk,DE
639,ATAWLADEU,Qatavla:daU,vl,DE
640,PATACHKADAU,pataxkadaU,xk,DE
641,DATÖEHTADEU,dat2:e:tadOY,2:e:,DE
642,PATAGTSCHADAU,patagtSadaU,gtS,DE
643,ATÖCHADEU,Qat9xadOY,9x,DE
644,PATANGKADAU,pataNkadaU,Nk,DE
645,DATAPFOHTADEU,da:tapfo:tadOY,pfo:,DE
646,ATARMADEU,QataRmadOY,Rm,DE
647,ATUHRADEU,Qatu:RadOY,u:R,DE
648,ATAPRADEU,QatapRadOY,pR,DE
649,ATÖOTTADAU,Qat2:OtadaU,2:O,DE
650,ADUHSADAI,Qadu:zadaI,u:z,DE
651,DATAHÖHTADEU,da:tah2:tadOY,h2:,DE
652,PATAPFKADAU,patapfkadaU,pfk,DE
653,DATAUAHTADEU,da:taUa:tadOY,aUa:,DE
654,DATALEHTADEU,datale:tadOY,le:,DE
655,DATAAÄHTADEU,da:ta:E:tadOY,a:E:,DE
656,ATEEMADEU,Qa:te:ma:daU,e:m,DE
657,DATASCHOHTADEU,dataZo:tadOY,Zo:,DE
658,ATAKDADAI,QatakdadaI,kd,DE
659,ATASRADEU,QatasRa:dOY,sR,DE
660,ATAMWADAI,QatamvadaI,mv,DE
661,ATULLADEU,QatUla:daU,Ul,DE
662,ATACHÖTTADAU,Qatax9tadaU,x9,DE
663,ATALLADEU,Qatala:daU,al,DE
664,ATIEDADEU,QatI@dadOY,I@,DE
665,APAKSCHADAI,QapakZadaI,kZ,DE
666,ADÖPPADAI,Qad9padaI,9p,DE
667,ATÖHNADEU,Qat2:nadOY,2:n,DE
668,PATAJPFADAU,patajpfa:daU,jpf,DE
669,ADIEWADAI,Qadi:vadaI,i:v,DE
670,ATATZJADEU,Qatatsja:daU,tsj,DE
671,ADISSADAI,Qa:dIsadaI,Is,DE
672,ATACHETADEU,Qatax@tadOY,x@,DE
673,DATAUEHTADEU,dataUe:tadOY,aUe:,DE
674,ADAUWADAI,QadaUvadaI,aUv,DE
675,ATANGUTTADAU,QataNUtadaU,NU,DE
676,DATOOEHTADEU,dato:e:tadOY,o:e:,DE
677,ATASCHNADEU,QataZnadOY,Zn,DE
678,ADÄSSADAI,QadEsadaI,Es,DE
679,ATUEDADEU,QatU@da:dOY,U@,DE
680,ATÜITTADAU,QatYItadaU,YI,DE
681,ATAPEHTADEU,Qatape:tadOY,pe:,DE
682,ATATSCHNADEU,QatatSnadOY,tSn,DE
683,ATAGOTTADAU,Qata:gOtadaU,gO,DE
684,ATAHÖTTADAU,Qatah9tadaU,h9,DE
685,ATAFFETADEU,Qataf@tadOY,f@,DE
686,ATAAUTTADAU,Qata:UtadaU,a:U,DE
687,PATASTSCHADAU,patastSa:daU,stS,DE
688,ADATZADAI,QadatsadaI,ats,DE
689,ATAPFÄTTADAU,QatapfEtadaU,pfE,DE
690,PATASCHFADAU,pataSfa:daU,Sf,DE
691,PATAJGADAU,patajgadaU,jg,DE
692,ATTÖÜTTADAU,Qat9YtadaU,9Y,DE
693,PATÄHFADAU,patE:fa:daU,E:f,DE
694,ATAMSCHADAI,QatamSa:daI,mS,DE
695,ATOHMADEU,Qato:ma:daU,o:m,DE
696,APAKWADAI,QapakvadaI,kv,DE
697,ATEERADEU,Qate:RadOY,e:R,DE
698,ATAPPETADEU,Qatap@tadOY,p@,DE
699,ATASCHAUTADEU,QataSaUtadOY,SaU,DE
700,DATTEUHTADEU,dat@u:tadOY,@u:,DE
701,ATÄHMADEU,QatE:ma:daU,E:m,DE
702,ATANGÖTTADAU,QataN9tadaU,N9,DE
703,ADISSADÄH,Qa:dIsadE:,E:*,DE
704,ATAGWADAI,QatagvadaI,gv,DE
705,ATASCHRADEU,QataZRadOY,ZR,DE
706,APAKSCHADAI,QapakSa:daI,kS,DE
707,ADEETZADAI,Qade:tsadaI,e:ts,DE
708,ATAPMADEU,Qatapma:daU,pm,DE
709,ATÄHADEU,QatE:hadOY,E:h,DE
710,ADAPPADAI,QadapadaI,ap,DE
711,DATASÜHTADEU,datasy:tadOY,sy:,DE
712,DATAGIEHTADEU,da:tagi:tadOY,gi:,DE
713,ATAHNGADEU,Qata:NadOY,a:N,DE
714,ATIHADEU,QatIhadOY,Ih,DE
715,ATATSCHRADEU,QatatSRadOY,tSR,DE
716,SADISADAI,za:dizadaI,*z,DE
717,ATOHHADEU,Qato:hadOY,o:h,DE
718,ATEUEDADEU,QatOY@da:daU,OY@,DE
719,ADISSADAW,Qa:dIsadav,v*,DE
720,PATATZKADAU,patatskadaU,tsk,DE
721,ATUCHADEU,QatUxadOY,Ux,DE
722,DATASÄHTADEU,datasE:tadOY,sE:,DE
723,DATTEÖHTADEU,da:t@2:tadOY,@2:,DE
724,PATOFFADAU,patOfa:daU,Of,DE
725,ATASEUTADEU,Qata:zOYtadOY,zOY,DE
726,ADAUPADAI,QadaUpadaI,aUp,DE
727,ATALÜTTADAU,QatalYtadaU,lY,DE
728,PATALKADAU,patalkadaU,lk,DE
729,ATASBADAI,QatazbadaI,zb,DE
730,ATALDADAI,QataldadaI,ld,DE
731,PATUHPFADAU,patu:pfa:daU,u:pf,DE
732,ATAPHADEU,QataphadOY,ph,DE
733,PATTEKADAU,pat@kadaU,@k,DE
734,ATAKATTADAU,QatakatadaU,ka,DE
735,ATIERDADEU,QatI6dadOY,I6,DE
736,ATAIJADEU,QataIja:daU,aIj,DE
737,PATÄFFADAU,patEfa:daU,Ef,DE
738,ADIESADAI,Qadi:zadaI,i:z,DE
739,ATAMEITADEU,QatamaItadOY,maI,DE
740,ATA EHTADEU,QataQe:tadOY,Qe:,DE
741,ATAWITTADAU,QatavItadaU,vI,DE
742,ATÖÄTTADAU,Qat2:EtadaU,2:E,DE
743,ATAWNADEU,QatavnadOY,vn,DE
744,ATÄHCHADEU,QatE:CadOY,E:C,DE
745,DADISSADAI,da:dIsadaI,*d,DE
746,ADÄHWADAI,QadE:vadaI,E:v,DE
747,ATASWADAI,QatazvadaI,zv,DE
748,ATAPJADEU,Qatapja:daU,pj,DE
749,ATAFTADAI,QataftadaI,ft,DE
750,ATTERWADAI,Qat6vadaI,6v,DE
751,ATAPUHTADEU,Qatapu:tadOY,pu:,DE
752,ATAGEUTADEU,Qata:gOYtadOY,gOY,DE
753,DATASCHÜHTADEU,dataZy:tadOY,Zy:,DE
754,ADIE ADAI,Qadi:QadaI,i:Q,DE
755,ADÄHTZADAI,QadE:tsadaI,E:ts,DE
756,DATADUHTADEU,da:tadu:tadOY,du:,DE
757,ATTECHRADEU,QatECRa:dOY,CR,DE
758,ATAILADEU,QataIladOY,aIl,DE
759,ATONGADEU,QatONadOY,ON,DE
760,DATOOÜHTADEU,dato:y:tadOY,o:y:,DE
761,ATUHLADEU,Qatu:la:daU,u:l,DE
762,ADIESADAI,Qadi:sadaI,i:s,DE
763,DATADAHTADEU,da:tada:tadOY,da:,DE
764,ATEUNGADEU,QatOYNadOY,OYN,DE
765,ATÜMMADEU,QatYma:daU,Ym,DE
766,ATÜÄTTADAU,Qaty:EtadaU,y:E,DE
767,ADEUTSCHADAI,QadOYtSa:daI,OYtS,DE
768,ATATDADAI,Qata:tdadaI,td,DE
769,RADISADAI,RadizadaI,*R,DE
770,PATTERFADAU,pat6fa:daU,6f,DE
771,PATASCHFADAU,pataZfadaU,Zf,DE
772,DATAHUHTADEU,da:tahu:tadOY,hu:,DE
773,ATEEÄTTADAU,Qa:te:EtadaU,e:E,DE
774,ATAGAITADEU,Qata:gaItadOY,gaI,DE
775,ATAFATTADAU,QatafatadaU,fa,DE
776,ATAKTADAI,QataktadaI,kt,DE
777,DATAKOHTADEU,da:tako:tadOY,ko:,DE
778,ATÖÜTTADAU,Qat2:YtadaU,2:Y,DE
779,ATAAEDADEU,Qata:@da:daU,a:@,DE
780,ATAKÜTTADAU,QatakYtadaU,kY,DE
781,ATADMADEU,QatadmadOY,dm,DE
782,PATASPFADAU,patazpfadaU,zpf,DE
783,ATEEATTADAU,Qa:te:atadaU,e:a,DE
784,ATAPLADEU,Qata:pla:daU,pl,DE
785,DATANGAHTADEU,dataNa:tadOY,Na:,DE
786,DATTEOHTADEU,da:t@o:tadOY,@o:,DE
787,DATANGÖHTADEU,dataN2:tadOY,N2:,DE
788,LADISADAI,la:dizadaI,*l,DE
789,PATAMTSCHADAU,patamtSa:daU,mtS,DE
790,DATAAÜHTADEU,da:ta:y:tadOY,a:y:,DE
791,ATASSCHADAI,QatazZadaI,zZ,DE
792,ATÜOTTADAU,Qaty:OtadaU,y:O,DE
793,ATAETADEU,Qata@tadOY,a@,DE
794,ADEEWADAI,Qade:vadaI,e:v,DE
795,ATOJJADAI,QatOjadaI,Oj,DE
796,ATATUTTADAU,QatatUtadaU,tU,DE
797,DATAPFAHTADEU,da:tapfa:tadOY,pfa:,DE
798,DATTEEHTADEU,dat@e:tadOY,@e:,DE
799,DATARÜHTADEU,dataRy:tadOY,Ry:,DE
800,DATATEHTADEU,data:te:tadOY,te:,DE
801,PATACKADAU,patakadaU,ak,DE
802,ATAGHADEU,QataghadOY,gh,DE
803,ATOERTADEU,QatO6tadOY,O6,DE
804,ATAPOTTADAU,QatapOtadaU,pO,DE
805,ATIEJADEU,Qati:ja:daU,i:j,DE
806,ATAKAITADEU,QatakaItadOY,kaI,DE
807,ADIPPADAI,QadIpadaI,Ip,DE
808,DATÜUHTADEU,daty:u:tadOY,y:u:,DE
809,ATAGSCHADAI,QatagZadaI,gZ,DE
810,ATATCHADEU,QatatxadOY,tx,DE
811,ATAMJADEU,Qatamja:daU,mj,DE
812,ATÖERDADEU,Qat2:6dadOY,2:6,DE
813,ATACHSCHADAI,QataxZadaI,xZ,DE
814,ADÖSCHADAI,Qad9Sa:daI,9S,DE
815,ATATZOTTADAU,QatatsOtadaU,tsO,DE
816,PATOHKADAU,pato:kadaU,o:k,DE
817,ATATTETADEU,Qatat@tadOY,t@,DE
818,ATABBETADEU,QatQapb@tadOY,b@,DE
819,ATAUITTADAU,QataUItadaU,aUI,DE
820,ADISSADDE,Qa:dIsad@,@*,DE
821,ADUSSADAI,QadUsadaI,Us,DE
822,PATASGADAU,patazgadaU,zg,DE
823,ATAUATTADAU,QataUatadaU,aUa,DE
824,ATAFÄTTADAU,QatafEtadaU,fE,DE
825,ATALSCHADAI,QatalSa:daI,lS,DE
826,PATAFPFADAU,patafpfa:daU,fpf,DE
827,PATEEKADAU,pa:te:kadaU,e:k,DE
828,PATAFGADAU,patafgadaU,fg,DE
829,ATOHJADEU,Qato:ja:daU,o:j,DE
830,ATASCHOTTADAU,QataZOtadaU,ZO,DE
831,APAKMADEU,Qapakma:daU,km,DE
832,ATAHUTTADAU,QatahUtadaU,hU,DE
833,ATAPIEHTADEU,Qatapi:tadOY,pi:,DE
834,ATIEÄTTADAU,Qati:EtadaU,i:E,DE
835,DATTERÜHTADEU,dat6y:tadOY,6y:,DE
836,DATATZEHTADEU,datatse:tadOY,tse:,DE
837,ADOTSCHADAI,QadOtSadaI,OtS,DE
838,ATTERATTADAU,Qat6atadaU,6a,DE
839,ATANRADEU,QatanRadOY,nR,DE
840,ATATSCHWADAI,QatatSvadaI,tSv,DE
841,SCHADISADAI,ZadisadaI,*Z,DE
842,ADÖSCHADAI,Qad9ZadaI,9Z,DE
843,ATAGAUTADEU,Qata:gaUtadOY,gaU,DE
844,ATANGERTADEU,QataN6tadOY,N6,DE
845,DATTEEITADEU,da:t@aItadOY,@aI,DE
846,ADÖHSADAI,Qad2:zadaI,2:z,DE
847,ATANSCHADAI,QatanZadaI,nZ,DE
848,ATA OHTADEU,QataQo:tadOY,Qo:,DE
849,PATÜHKADAU,paty:kadaU,y:k,DE
850,ATASCHNADEU,QataSnadOY,Sn,DE
851,ATANUTTADAU,QatanUtadaU,nU,DE
852,DATASOHTADEU,da:tazo:tadOY,zo:,DE
853,ATTESCHADAI,Qat@ZadaI,@Z,DE
854,DATÄAHTADEU,datEa:tadOY,Ea:,DE
855,ATABSADAI,QatabsadaI,bs,DE
856,ATASSERTADEU,Qataz6tadOY,z6,DE
857,ATACHSCHADAI,QataxSa:daI,xS,DE
858,ATA AHTADEU,QataQa:tadOY,Qa:,DE
859,ATARÄTTADAU,QataREtadaU,RE,DE
860,ATTELADEU,Qat@la:daU,@l,DE
861,ATÄERDADEU,QatE6dadOY,E6,DE
862,ATAGRADEU,QatagRadOY,gR,DE
863,ATATZEUTADAU,QatatsOYtadaU,tsOY,DE
864,PATOCKADAU,patOkadaU,Ok,DE
865,APAKRADEU,QapakRadOY,kR,DE
866,ATAURADEU,QataURadOY,aUR,DE
867,ATAMMERTADEU,Qatam6tadOY,m6,DE
868,ATÄHATTADAU,QatE:atadaU,E:a,DE
869,PATATZFADAU,patatsfa:daU,tsf,DE
870,DATEEÖHTADEU,da:te:2:tadOY,e:2:,DE
871,ATAR ADAI,QataRQadaI,RQ,DE
872,ADAISADEU,QadaIsadOY,aIs,DE
873,ATAHADEU,QatahadOY,ah,DE
874,ATAWÄTTADAU,QatavEtadaU,vE,DE
875,ATOLLADEU,QatOla:daU,Ol,DE
876,ADÖSSADAI,Qad9sadaI,9s,DE
877,ATAFFERTADEU,Qataf6tadOY,f6,DE
878,DATASÜHTADEU,da:tazy:tadOY,zy:,DE
879,ATÄHITTADAU,QatE:ItadaU,E:I,DE
880,ATATTERTADEU,Qatat6tadOY,t6,DE
881,ATA OTTADAU,QataQOtadaU,QO,DE
882,ATTENGADEU,Qat@NadOY,@N,DE
883,ATTEÄTTADAU,Qat@EtadaU,@E,DE
884,DATATIEHTADEU,datati:tadOY,ti:,DE
885,PATIEKADAU,pati:ktadaU,i:k,DE
886,PATALPFADAU,patalpfa:daU,lpf,DE
887,DATTEROHTADEU,dat6o:tadOY,6o:,DE
888,ATAGSCHADAI,QatagSadaI,gS,DE
889,ATTESCHADAI,Qat@Sa:daI,@S,DE
890,PATUPFADAU,patUpfa:daU,Upf,DE
891,ATAGÜTTADAU,Qata:gYtadaU,gY,DE
892,ATUNNADEU,QatUnadOY,Un,DE
893,PATAPFFADAU,patapffadaU,pff,DE
894,DATAGUHTADEU,da:ta:gu:tadOY,gu:,DE
895,DATANÄHTADEU,da:tanE:tadOY,nE:,DE
896,ATASCHWADAI,QataSvadaI,Sv,DE
897,ATAHRADEU,Qata:RadOY,a:R,DE
898,PATAGADAU,patagadaU,ag,DE
899,ATASCHATTADAU,QataSatadaU,Sa,DE
900,ATACHPADAI,QataxpadaI,xp,DE
901,ATAHOTTADAU,QatahOtadaU,hO,DE
902,ATABSCHADAI,QatabZadaI,bZ,DE
903,ATATZÄTTADAU,QatatsEtadaU,tsE,DE
904,ADISADAI,QadIzadaI,Iz,DE
905,ATANGEUTADEU,QataNOYtadOY,NOY,DE
906,ATAM ADAI,QatamQadaI,mQ,DE
907,ATASSETADEU,Qataz@tadOY,z@,DE
908,PATEEPFADAU,pa:te:pfa:daU,e:pf,DE
909,ADISSADAD,Qa:dIsadad,d*,DE
910,ATAGJADEU,Qata:gjadOY,gj,DE
911,PATAIGADAU,pataIgadaU,aIg,DE
912,ATOOÖTTADAU,Qato:9tadaU,o:9,DE
913,ATEUMADEU,QatOYma:daU,OYm,DE
914,ADISSADAU,Qa:dIsadaU,aU*,DE
915,ATASHADEU,QatazhadOY,zh,DE
916,DATARÖHTADEU,dataR2:tadOY,R2:,DE
917,APAKJADEU,Qapakja:daU,kj,DE
918,ATAPFTADAI,QatapftadaI,pft,DE
919,ATARPADAI,QatRpadaI,Rp,DE
920,DATAJOHTADEU,da:tajo:tadOY,jo:,DE
921,DATEEÜHTADEU,da:te:y:tadOY,e:y:,DE
922,ATTEMADEU,Qat@ma:daU,@m,DE
923,ATAPAITADEU,QatapaItadOY,paI,DE
924,PATEUFADAU,patOYfa:daU,OYf,DE
925,ATAGLADEU,Qata:gla:daU,gl,DE
926,BADISSADAI,ba:dIsadaI,*b,DE
927,ATATSCHÜHTADEU,QatatSy:tadOY,tSy:,DE
928,ADÄHTSCHADAI,QadE:tSa:daI,E:tS,DE
929,ATAFAITADEU,QatafaItadOY,faI,DE
930,TZADISADAI,tsa:dizadaI,*ts,DE
931,ATAWWETADEU,Qatav@tadOY,v@,DE
932,DATARIEHTADEU,dataRi:tadOY,Ri:,DE
933,ATASCHEUTADEU,QataSOYtadOY,SOY,DE
934,ATARWADAI,QataRvadaI,Rv,DE
935,ATASHADEU,QatashadOY,sh,DE
936,DATACHAHTADEU,da:taxa:tadOY,xa:,DE
937,PATASCHGADAU,pataZgadaU,Zg,DE
938,ATADLADEU,QatadladOY,dl,DE
939,ATTECHADAI,Qat@CadaI,@C,DE
940,ADIEDADAI,Qadi:dadaI,i:d,DE
941,PATATZGADAU,patatsgadaU,tsg,DE
942,ATABÄTTADAU,QatabEtadaU,bE,DE
943,ATASCHLADEU,QataZladOY,Zl,DE
944,DATÄÖHTADEU,da:tE:2:tadOY,E:2:,DE
945,ATAAOTTADAU,Qata:OtadaU,a:O,DE
946,ADISSADAI,Qa:dIsadaI,aI*,DE
947,ATTERÄTTADAU,Qat6EtadaU,6E,DE
948,ATTEERDADEU,Qat@6da:daU,@6,DE
949,DATAIÄHTADEU,da:taIE:tadOY,aIE:,DE
950,ADÖHPADAI,Qad2:padaI,2:p,DE
951,ADÄSSADAI,QadEzadaI,Ez,DE
952,ADÜWWADAI,QadYvadaI,Yv,DE
953,ADEUTZADAI,QadOYtsadaI,OYts,DE
954,DATAWUHTADEU,da:tavu:tadOY,vu:,DE
955,ATAUTTADAU,QataUtadaU,aU,DE
956,ATTECHAITADEU,QatECaItadOY,CaI,DE
957,ATTEWADAI,Qat@vadaI,@v,DE
958,PATANGPFADAU,pataNpfa:daU,Npf,DE
959,DATAUIEHTADEU,da:taUi:tadOY,aUi:,DE
960,ATÄNGADEU,QatENadOY,EN,DE
961,DATTEEUTADEU,dat@OYtadOY,@OY,DE
962,ADÄSCHADAI,QadESa:daI,ES,DE
963,ATACHLADEU,Qataxla:daU,xl,DE
964,ADEUTADAI,QadOYtadaI,OYt,DE
965,ATAIOTTADAU,QataIOtadaU,aIO,DE
966,ATAPSCHADAI,QatapZadaI,pZ,DE
967,ATÄJADEU,QatEja:daU,Ej,DE
968,ATABEUTADEU,QatabOYtadOY,bOY,DE
969,PATÜFFADAU,patYfa:daU,Yf,DE
970,ATATSCHSCHADAI,QatatSSadaI,tSS,DE
971,PATUHFADAU,patu:fa:daU,u:f,DE
972,ATURRADEU,QatURadOY,UR,DE
973,ATÄHLADEU,QatE:ltadOY,E:l,DE
974,ADÜHDADAI,Qady:dadaI,y:d,DE
975,ATATZSADAI,QatatssadaI,tss,DE
976,ADÜTSCHADAI,QadYtSa:daI,YtS,DE
977,ATASCHATTADAU,QataZatadaU,Za,DE
978,DATOOAHTADEU,dato:a:tadOY,o:a:,DE
979,ATOHLADEU,Qato:la:daU,o:l,DE
980,PATATSCHPFADAU,patatSpfa:daU,tSpf,DE
981,ATANITTADAU,QatanItadaU,nI,DE
982,ATATSCHCHADAI,QatatSxadaI,tSx,DE
983,PATTECHTSCHADAU,patECtSa:daU,CtS,DE
984,DATAKIEHTADEU,da:taki:tadOY,ki:,DE
985,DATASCHÜHTADEU,da:taSy:tadOY,Sy:,DE
986,DATTERAHTADEU,dat6a:tadOY,6a:,DE
987,ATTERPADAI,Qat6padaI,6p,DE
988,ATATZWADAI,QatatsvadaI,tsv,DE
989,ATÜATTADAU,Qaty:atadaU,y:a,DE
990,ATAPF ADAI,QatapfQadaI,pfQ,DE
991,ATASCHDADAI,QataSdadaI,Sd,DE
992,ATATSCHÄTTADAU,QatatSEtadaU,tSE,DE
993,ADUHSCHADAI,Qadu:Sa:daI,u:S,DE
994,DATAMOHTADEU,da:tamo:tadOY,mo:,DE
995,PATÖFFADAU,pat9fa:daU,9f,DE
996,ATANSCHADAI,QatanSa:daI,nS,DE
997,ADIETSCHADAI,Qadi:tSa:daI,i:tS,DE
998,ATATSCHSCHADAI,QatatSZadaI,tSZ,DE
999,ATIEOTTADAU,Qati:OtadaU,i:O,DE
1000,ATOHNGADEU,Qato:NadOY,o:N,DE
1001,ATAPFDADAI,QatapfdadaI,pfd,DE
1002,SADISADAI,sadisadaI,*s,DE
1003,ATTEROTTADAU,Qate6OtadaU,6O,DE
1004,ATAJSADAI,QatajsadaI,js,DE
1005,ADISSADASCH,QadIsadaZ,Z*,DE
1006,ATTEPADAI,Qat@padaI,@p,DE
1007,ATÄHJADEU,QatE:ja:daU,E:j,DE
1008,WADISADAI,va:dizadaI,*v,DE
1009,ATACHWADAI,QataxvadaI,xv,DE
1010,DATAIAHTADEU,da:taIa:tadOY,aIa:,DE
1011,ATAGNADEU,QatagnadOY,gn,DE
1012,PATIGGADAU,patIgadaU,Ig,DE
1013,ATANGCHADAI,QataNxadaI,Nx,DE
1014,ATANGSCHADAI,QataNZadaI,NZ,DE
1015,ATTECHWADAI,QatECvadaI,Cv,DE
1016,PATÜHFADAU,paty:fa:daU,y:f,DE
1017,ATAPÖHTADEU,Qatap2:tadOY,p2:,DE
1018,ATTECHDADAI,QatECdadaI,Cd,DE
1019,ATAHMADEU,Qata:ma:daU,a:m,DE
1020,ADITTADAI,QadItadaI,It,DE
1021,ATANGADEU,QataNadOY,aN,DE
1022,ATARHADEU,QataRhadOY,Rh,DE
1023,ATASNADEU,QatasnadOY,sn,DE
1024,PATATSCHGADAU,patatSgadaU,tSg,DE
1025,ATATSCHATTADAU,QatatSatadaU,tSa,DE
1026,ADAUSCHADAI,QadaUZadaI,aUZ,DE
1027,ATTEÜTTADAU,Qat@YtadaU,@Y,DE
1028,ATATZBADAI,Qatatsba:daI,tsb,DE
1029,ATAPSADAI,QatapsadaI,ps,DE
1030,DATÄÖHTADEU,datE2:tadOY,E2:,DE
1031,ATASNADEU,QataznadOY,zn,DE
1032,DATEEÄHTADEU,da:te:E:tadOY,e:E:,DE
1033,ATAGMADEU,QatagmadOY,gm,DE
1034,ADUPPADAI,QadUpadaI,Up,DE
1035,ATAPÜHTADEU,Qatapy:tadOY,py:,DE
1036,ATASCHUTTADAU,QataSUtadaU,SU,DE
1037,ATEUITTADAU,QatOYItadaU,OYI,DE
1038,ATABFADAU,QatabfadaU,bf,DE
1039,ADÖHTADAI,Qad2:tadaI,2:t,DE
1040,PATAHTSCHADAU,patahtSadaU,htS,DE
1041,ATATAUTADEU,QatataUtadOY,taU,DE
1042,ATATZSADAI,QatatszadaI,tsz,DE
1043,ATAPFTSCHADAI,QatapftSa:daI,pftS,DE
1044,PATOPFADAU,patOpfa:daU,Opf,DE
1045,ATAPFERTADEU,Qatapf6tadOY,pf6,DE
1046,ATADWADAI,QatadvadaI,dv,DE
1047,DATAOHTADEU,datao:tadOY,ao:,DE
1048,ATAWÜTTADAU,QatavYtadaU,vY,DE
1049,ATABMADEU,QatabmadOY,bm,DE
1050,ATASCHSADAI,QataSzadaI,Sz,DE
1051,ATAMITTADAU,QatamItadaU,mI,DE
1052,ADÜTZADAI,QadYtsadaI,Yts,DE
1053,ADAHSCHADAI,Qada:Sa:daI,a:S,DE
1054,ADICHADAI,QadICadaI,IC,DE
1055,ATÜHLADEU,Qaty:la:daU,y:l,DE
1056,ATANGHADEU,QataNhadOY,Nh,DE
1057,ATUEDADEU,Qatu:@dadOY,u:@,DE
1058,ADAHPADAI,Qada:padaI,a:p,DE
1059,ATTERADEU,Qat@RadOY,@R,DE
1060,ADAICHADEI,QadaICadaI,aIC,DE
1061,ATAPFSCHADAI,QatapfZadaI,pfZ,DE
1062,ATTERTSCHADAI,Qat6tSa:daI,6tS,DE
1063,ATAGSADAI,QatagzadaI,gz,DE
1064,ATANGWADAI,QataNvadaI,Nv,DE
1065,ATAWATTADAU,QatavatadaU,va,DE
1066,PATATSCHTSADAU,patatStsadaU,tSts,DE
1067,ATTETADAI,Qat@tadaI,@t,DE
1068,ATADÖTTADAU,Qatad9tadaU,d9,DE
1069,DATAIÖHTADEU,da:taI2:tadOY,aI2:,DE
1070,ATTECHITTADAU,QatECItadaU,CI,DE
1071,ATALWADAI,Qata:lvadaI,lv,DE
1072,ATAGÖTTADAU,Qata:g9tadaU,g9,DE
1073,ATAFHADEU,QatafhadOY,fh,DE
1074,DATASEHTADEU,da:ta:ze:tadOY,ze:,DE
1075,ATAGÄTTADAU,Qata:gEtadaU,gE,DE
1076,ATASCHPADAI,QataSpadaI,Sp,DE
1077,PATAFTSADAU,pataftsadaU,fts,DE
1078,ATTERBADAI,Qat6ba:daI,6b,DE
1079,ATÜHNGADEU,Qaty:NadOY,y:N,DE
1080,ADAUSADAI,QadaUzadaI,aUz,DE
1081,ATAWHADEU,QatavhadOY,vh,DE
1082,DATAPFÖHTADEU,da:tapf2:tadOY,pf2:,DE
1083,ADEUSADAI,QadOYzadaI,OYz,DE
1084,ATASPADAI,QataspadaI,sp,DE
1085,ATADBADAI,QatadbadaI,db,DE
1086,ATTESADAI,Qat@zadaI,@z,DE
1087,ADÜHTSCHADAI,Qady:tSa:daI,y:tS,DE
1088,ATADAUTATEU,QatadaUtatOY,daU,DE
1089,ADOWWADAI,QadOvadaI,Ov,DE
1090,ATALAITADEU,QatalaItadOY,laI,DE
1091,DATEIIEHTADEU,dataIi:tadOY,aIi:,DE
1092,ATTERSCHADAI,Qat6Sa:daI,6S,DE
1093,ATAKÄTTADAU,QatakEtadaU,kE,DE
1094,ATARRERTADEU,QataR6tadOY,R6,DE
1095,PATÖHFADAU,pat2:fa:daU,2:f,DE
1096,ATASCHSADAI,QataZzadaI,Zz,DE
1097,ADÜHCHADAI,Qady:CadaI,y:C,DE
1098,DATABÄHTADEU,da:tabE:tadOY,bE:,DE
1099,ADÖ ADAI,Qad9QadaI,9Q,DE
1100,DATASCHEHTADEU,dataZe:tadOY,Ze:,DE
1101,PATUHGADAU,patu:gadaU,u:g,DE
1102,ATARSADAI,QataRzadaI,Rz,DE
1103,ATATOTTADAU,QatatOtadaU,tO,DE
1104,DATASÄHTADEU,da:tazE:tadOY,zE:,DE
1105,PATAPFTSCHADAU,patapftSa:daU,pftS,DE
1106,ATEUUTTADAU,QatOYUtadaU,OYU,DE
1107,PATASCHKADAU,pataSkadaU,Sk,DE
1108,ATIENGADEU,Qati:NadOY,i:N,DE
1109,ATAFWADAI,QatafvadaI,fv,DE
1110,ATÜÄTTADAU,QatYEtadaU,YE,DE
1111,ATEHERDADEU,Qa:te:6da:daU,e:6,DE
1112,ATAKBADAI,Qatakba:daI,kb,DE
1113,ATACHÜTTADAU,QataxYtadaU,xY,DE
1114,ADÄHBADAI,QadE:ba:daI,E:b,DE
1115,ATA ÜTTADAU,QataQYtadaU,QY,DE
1116,ATAH ADAI,QatahQadaI,hQ,DE
1117,ATTERÖTTADAU,Qat69tadaU,69,DE
1118,DATTEÄHTADEU,da:t@E:tadOY,@E:,DE
1119,ATASCHCHADAI,QataSxadaI,Sx,DE
1120,ATAPÖTTADAU,Qatap9tadaU,p9,DE
1121,ATUNGADEU,QatUNadOY,UN,DE
1122,DATÜEHTADEU,daty:e:tadOY,y:e:,DE
1123,ATASCHBADAI,QataSba:daI,Sb,DE
1124,PATASTSCHADAU,patastSa:daU,stS,DE
1125,ATAGDADAI,QatagdadaI,gd,DE
1126,ADISSADAF,Qa:dIsadaf,f*,DE
1127,ADAUSCHADAI,QadaUSa:daI,aUS,DE
1128,DATAKUHTADEU,da:taku:tadOY,ku:,DE
1129,PATANGFADAU,pataNfa:daU,Nf,DE
1130,DATADÖHTADEU,da:tad2:tadOY,d2:,DE
1131,ATABOTTADAU,QatabOtadaU,bO,DE
1132,ATOOATTADAU,Qato:atadaU,o:a,DE
1133,PATARKADAU,pataRkadaU,Rk,DE
1134,DATTEAHTADEU,da:t@a:tadOY,@a:,DE
1135,ATTECHOTTADAU,QatECOtadaU,CO,DE
1136,DATÖÄHTADEU,dat2:E:tadOY,2:E:,DE
1137,PATUGGADAU,patUgadaU,Ug,DE
1138,ATAJÜTTADAU,QatajYtadaU,jY,DE
1139,PATTERKADAU,pat6kadaU,6k,DE
1140,ATAMATTADAU,QatamatadaU,ma,DE
1141,ATAGTADAI,QatagtadaI,gt,DE
1142,ADISSADAR,QadIsadaR,R*,DE
1143,ATABRADEU,QatabRadOY,bR,DE
1144,ATTECHMADEU,QatECma:daU,Cm,DE
1145,ATACHUTTADAU,QataxUtadaU,xU,DE
1146,ADEEDADAI,Qade:dadaI,e:d,DE
1147,ATÖEDADEU,Qat2:@dadOY,2:@,DE
1148,ATAPFOTTADAU,QatapfOtadaU,pfO,DE
1149,DATASEHTADEU,datase:tadOY,se:,DE
1150,ADISSADAJ,Qa:dIsadaj,j*,DE
1151,ATACHBADAI,Qataxba:daI,xb,DE
1152,ATAMHADEU,QatamhadOY,mh,DE
1153,DATTECHÖHTADEU,da:tEC2:tadOY,C2:,DE
1154,ATAHAUTADEU,QatahaUtadOY,haU,DE
1155,PATASTSADAU,patastsadaU,sts,DE
1156,DATANÖHTADEU,da:tan2:tadOY,n2:,DE
1157,DATAJUHTADEU,da:taju:tadOY,ju:,DE
1158,ATADOTTADAU,QatadOtadaU,dO,DE
1159,ATÖHJADEU,Qat2:ja:daU,2:j,DE
1160,DATTECHEHTADEU,da:tECe:tadOY,Ce:,DE
1161,ATAJEUTADEU,QatajOYtadOY,jOY,DE
1162,ATAFPADAI,QatafpadaI,fp,DE
1163,DATAUUHTADEU,da:taUu:tadOY,aUu:,DE
1164,PATAPFTSADAU,patapftsadaU,pfts,DE
1165,APADTSADAU,QapadtsadaU,dts,DE
1166,ATTEBADAI,Qat@ba:daI,@b,DE
1167,ATASCHETADEU,QataS@tadOY,S@,DE
1168,ATALJADEU,Qata:lja:daU,lj,DE
1169,ADÖHWADAI,Qad2:vadaI,2:v,DE
1170,DATÄOHTADEU,da:tEo:tadOY,Eo:,DE
1171,ATÖHNGADEU,Qat2:NadOY,2:N,DE
1172,ATASÜTTADAU,QatazYtadaU,zY,DE
1173,ATAF ADAI,QatafQadaI,fQ,DE
1174,ADÜHTADAI,Qady:tadaI,y:t,DE
1175,ATÖNGADEU,Qat9NadOY,9N,DE
1176,ATALCHADAI,QatalxadaI,lx,DE
1177,ADÜH ADAI,Qady:QadaI,y:Q,DE
1178,ATEIITTADAU,QataIItadaU,aII,DE
1179,ATAJITTADAU,QatajItadaU,jI,DE
1180,ATALÄTTADAU,QatalEtadaU,lE,DE
1181,ADÄTSCHADAI,QadEtSadaI,EtS,DE
1182,DATALUHTADEU,data:lu:tadOY,lu:,DE
1183,ATIEÜTTADAU,Qati:YtadaU,i:Y,DE
1184,ADUHTSCHADAI,Qadu:tSa:daI,u:tS,DE
1185,ATATWADAI,Qata:tvadaI,tv,DE
1186,DATEEUHTADEU,da:te:u:tadOY,e:u:,DE
1187,PATACHTSADAU,pataxtsadaU,xts,DE
1188,ATAPATTADAU,QatapatadaU,pa,DE
1189,ATANÖTTADAU,Qatan9tadaU,n9,DE
1190,PATTERPFADAU,pat6pfa:daU,6pf,DE
1191,ATAUUTTADAU,QataUUtadaU,aUU,DE
1192,DATUEHTADEU,datu:e:tadOY,u:e:,DE
1193,ATARLADEU,QataRladOY,Rl,DE
1194,DATAJÖHTADEU,da:taj2:tadOY,j2:,DE
1195,ATAPÜTTADAU,QatapYtadaU,pY,DE
1196,ATADDADAI,QatadadaI,ad,DE
1197,ATA ÜHTADEU,QataQy:tadOY,Qy:,DE
1198,ADISSADAI,Qa:dIsadaI,*Q,DE
1199,ATAWBADAI,Qatavba:daI,vb,DE
1200,ADISSADDE,QadIsadE,E*,DE
1201,ATANGAUTADEU,QataNaUtadOY,NaU,DE
1202,DATACHOHTADEU,dataxo:htadOY,xo:,DE
1203,ATABJADEU,QatabjadOY,bj,DE
1204,ATÜITTADAU,Qaty:ItadaU,y:I,DE
1205,ATAKOTTADAU,QatakOtadaU,kO,DE
1206,DATÄIEHTADEU,datE:i:tadOY,E:i:,DE
1207,ATAUMADEU,QataUma:daU,aUm,DE
1208,ATIELADEU,Qati:la:daU,i:l,DE
1209,ATADDERTADEU,Qatad6tadOY,d6,DE
1210,ATASSERTADEU,Qatas6tadOY,s6,DE
1211,ADOHPADAI,Qado:padaI,o:p,DE
1212,DATTEIEHTADEU,dat@i:tadOY,@i:,DE
1213,DATÄEHTADEU,datE:e:tadOY,E:e:,DE
1214,ATUERDADEU,Qatu:6dadOY,u:6,DE
1215,DATIEÖHTADEU,dati:2:tadOY,i:2:,DE
1216,ATANGSCHADAI,QataNSa:daI,NS,DE
1217,ATAWSADAI,QatavzadaI,vz,DE
1218,ATTÖITTADAU,Qat9ItadaU,9I,DE
1219,DATAJIEHTADEU,da:taji:tadOY,ji:,DE
1220,APADPFADAU,QapadpfadaU,dpf,DE
1221,ADOHSCHADAI,Qado:ZadaI,o:Z,DE
1222,ATAJBADAI,Qatajba:daI,jb,DE
1223,ATALMADEU,Qatalma:daU,lm,DE
1224,ADÖDDADAI,Qad9dadaI,9d,DE
1225,ATAWTADAI,QatavtadaI,vt,DE
1226,ATANNADEU,QatanadOY,an,DE
1227,ATATSCHEHTADEU,QatatSe:tadOY,tSe:,DE
1228,DATTECHUHTADEU,da:tECu:tadOY,Cu:,DE
1229,ATATSADAI,Qata:tzadaI,tz,DE
1230,ATTEDADAI,Qat@dadaI,@d,DE
1231,ATÖHATTADAU,Qat2:atadaU,2:a,DE
1232,ATUHCHADEU,Qatu:xadOY,u:x,DE
1233,ATASCHÄTTADAU,QataZEtadaU,ZE,DE
1234,PATAJTSCHADAU,patajtSa:daU,jtS,DE
1235,ATAHLADEU,QatahladOY,hl,DE
1236,ATONNADEU,QatOnadOY,On,DE
1237,ATAPDADAI,QatapdadaI,pd,DE
1238,ATAMAUTADEU,QatamaUtadOY,maU,DE
1239,APAKTSCHADAU,QapaktSa:daU,ktS,DE
1240,ATASCHAITADEU,QataSaItadOY,SaI,DE
1241,ATANGÄTTADAU,QataNEtadaU,NE,DE
1242,ATASMADEU,QatazmadOY,zm,DE
1243,ATASCHPADAI,QataZpadaI,Zp,DE
1244,PATTECGTSADAU,pat@CtsadaU,Cts,DE
1245,ATALSCHADAI,QatalZadaI,lZ,DE
1246,ATADPADAI,QatadpadaI,dp,DE
1247,ATARITTADAU,QataRItadaU,RI,DE
1248,DATÄIEHTADEU,da:tEi:tadOY,Ei:,DE
1249,DATANGÄHTADEU,dataNE:tadOY,NE:,DE
1250,ATTERTZADAI,Qat6tsadaI,6ts,DE
1251,DATÄOHTADEU,datE:o:tadOY,E:o:,DE
1252,PATÄCKADAU,patEkadaU,Ek,DE
1253,DATIEEHTADEU,dati:e:tadOY,i:e:,DE
1254,ADÖHSADAI,Qad2:sadaI,2:s,DE
1255,DATAWÖHTADEU,da:tav2:tadOY,v2:,DE
1256,ATAPFUTTADAU,QatapfUtadaU,pfU,DE
1257,ATANGDADAI,QataNdadaI,Nd,DE
1258,ATÜUTTADAU,Qaty:UtadaU,y:U,DE
1259,ATADEUTATAU,QatadOYtataU,dOY,DE
1260,PATAMKADAU,patamkadaU,mk,DE
1261,PATAFTSCHADAU,pataftSa:daU,ftS,DE
1262,ATARAUTADEU,QataRaUtadOY,RaU,DE
1263,ADÜSADAI,QadYzadaI,Yz,DE
1264,DATAGÖHTADEU,da:ta:g2:tadOY,g2:,DE
1265,ADISSADAL,Qa:dIsada:l,l*,DE
1266,ATADNADEU,QatadnadOY,dn,DE
1267,DATAROHTADEU,dataRo:tadOY,Ro:,DE
1268,PATÖHGADAU,pat2:gadaU,2:g,DE
1269,ATALPADAI,QatalpadaI,lp,DE
1270,ATABPFADAU,QatabpfadaU,bpf,DE
1271,ATAUHADEU,QataUhadOY,aUh,DE
1272,ATATSCHADAI,QatatZadaI,tZ,DE
1273,ATTERUTTADAU,Qat6UtadaU,6U,DE
1274,ATTÖOTTADAU,Qat9OtadaU,9O,DE
1275,ATTECHÄTTADAU,QatECEtadaU,CE,DE
1276,DATACHEHTADEU,da:taxe:tadOY,xe:,DE
1277,ADOHSADAI,Qado:sadaI,o:s,DE
1278,DATASCHÄHTADEU,dataZE:tadOY,ZE:,DE
1279,ATATZDADAI,QatatsdadaI,tsd,DE
1280,ATÜERDADEU,QatY6da:daU,Y6,DE
1281,ATEEÖTTADAU,Qa:te:9tadaU,e:9,DE
1282,ATÜRRADEU,QatYRadOY,YR,DE
1283,DATÄÜHTADEU,da:tE:y:tadOY,E:y:,DE
1284,ATAHNADEU,QatahnadOY,hn,DE
1285,NADISADAI,na:dizadaI,*n,DE
1286,ADISSADAS,QadIsadaz,z*,DE
1287,ATATSCHBADAI,QatatSba:daI,tSb,DE
1288,ATAGBADAI,QatagbadaI,gb,DE
1289,ATAL ADAI,QatalQadaI,lQ,DE
1290,ATASOTTADAU,QatasOtadaU,sO,DE
1291,PATAWTSADAU,patavtsadaU,vts,DE
1292,ATAUÖTTADAU,QataU9tadaU,aU9,DE
1293,ATASSCHADAI,QatasSa:daI,sS,DE
1294,ATAMBADAI,Qatamba:daI,mb,DE
1295,DATTERIEHTADEU,dat6i:tadOY,6i:,DE
1296,ADATTADAI,QadatadaI,at,DE
1297,ATAHADEU,Qata:hadOY,a:h,DE
1298,ATAIRADEU,QataIRadOY,aIR,DE
1299,DATUIETADEU,datu:i:tadOY,u:i:,DE
1300,ATADCHADAI,QatadxadaI,dx,DE
1301,ATTERJADEU,Qat6ja:daU,6j,DE
1302,ADUHWADAI,Qadu:vadaI,u:v,DE
1303,PATAHPFADAU,pata:pfa:daU,a:pf,DE
1304,ATACHSADAI,QataxzadaI,xz,DE
1305,ATAJOTTADAU,QatajOtadaU,jO,DE
1306,DATEUEHTADEU,datOYe:tadOY,OYe:,DE
1307,DATANAHTADEU,da:tana:tadOY,na:,DE
1308,DATADIEHTADEU,da:tadi:tadOY,di:,DE
1309,PATAPFGADAU,patapfgadaU,pfg,DE
1310,ATATZRADEU,QatatsRadOY,tsR,DE
1311,ATIEHADEU,Qati:hadOY,i:h,DE
1312,DATAUÜHTADEU,da:taUy:tadOY,aUy:,DE
1313,ATACHAUTADEU,QataxaUtadOY,xaU,DE
1314,DATASCHEHTADEU,da:taSe:tadOY,Se:,DE
1315,DATASÖHTADEU,da:taz2:tadOY,z2:,DE
1316,ADAU ADAI,QadaUQadaI,aUQ,DE
1317,ADISSADÜH,Qa:dIsady:,y:*,DE
1318,ATATSCHPADAI,QatatSpadaI,tSp,DE
1319,ADISSADAT,Qa:dIsada:t,t*,DE
1320,DATEUUHTADEU,da:tOYu:tadOY,OYu:,DE
1321,ATATZ ADAI,QatatsQadaI,tsQ,DE
1322,ATAWOTTADAU,QatavOtadaU,vO,DE
1323,ATTENADEU,Qat@nadOY,@n,DE
1324,DATANGUHTADEU,dataNu:tadOY,Nu:,DE
1325,ATAWEUTADEU,QatavOYtadOY,vOY,DE
1326,ATATSCHÖTTADAU,QatatS9tadaU,tS9,DE
1327,ATANEUTADEU,QatanOYtadOY,nOY,DE
1328,ATASSADAI,QataszadaI,sz,DE
1329,ATAFLADEU,Qatafla:daU,fl,DE
1330,ATASLADEU,QatazladOY,zl,DE
1331,ATALHADEU,Qata:lhadOY,lh,DE
1332,ADAISADEU,QadaIzadOY,aIz,DE
1333,DATTECHÄHTADEU,da:tECE:tadOY,CE:,DE
1334,ATASSCHADAI,QatazSadaI,zS,DE
1335,ADÜDDADAI,QadYdadaI,Yd,DE
1336,ATAWÖTTADAU,Qatav9tadaU,v9,DE
1337,ATAMOTTADAU,QatamOtadaU,mO,DE
1338,ATANAUTADEU,QatanaUtadOY,naU,DE
1339,ADISSADATZ,Qa:dIsada:ts,ts*,DE
1340,ATAWSCHADAI,QatavZadaI,vZ,DE
1341,DATASIEHTADEU,datasi:tadOY,si:,DE
1342,ATALITTADAU,QatalItadaU,lI,DE
1343,ATAJTADAI,QatajtadaI,jt,DE
1344,ADUWWADAI,QadUvadaI,Uv,DE
1345,ATAPKADAU,QatapkadaU,pk,DE
1346,DATACHÄHTADEU,da:taxE:tadOY,xE:,DE
1347,ATÜUTTADAU,QatYUtadaU,YU,DE
1348,ADUHDADAI,Qadu:dadaI,u:d,DE
1349,ADÜHSCHADAI,Qady:Sa:daI,y:S,DE
1350,DATASCHIEHTADEU,da:taSi:tadOY,Si:,DE
1351,PATARTSCHADAU,pataRtSadaU,RtS,DE
1352,ADÜHSCHADAI,Qady:ZadaI,y:Z,DE
1353,ATAHLADEU,Qata:la:daU,a:l,DE
1354,ATASCHNGADEU,QataZNadOY,ZN,DE
1355,ATAFEUTADEU,QatafOYtadOY,fOY,DE
1356,DATÜÄHTADEU,daty:E:tadOY,y:E:,DE
1357,ATALSADAI,QatalsadaI,ls,DE
1358,ATATPADAI,Qata:tpadaI,tp,DE
1359,ATEUÜTTADAU,QatOYYtadaU,OYY,DE
1360,DATTECHÜHTADEU,da:tECy:tadOY,Cy:,DE
1361,ADEESADAI,Qade:sadaI,e:s,DE
1362,ATA ITTADAU,QataQItadaU,QI,DE
1363,ATACHEUTADEU,QataxOYtadOY,xOY,DE
1364,ATOHADEU,QatOhadOY,Oh,DE
1365,ADUHSADAI,Qadu:sadaI,u:s,DE
1366,ATAPSCHADAI,QatapSa:daI,pS,DE
1367,ATASUTTADAU,QatazUtadaU,zU,DE
1368,ADEU ADAI,QadOYQadaI,OYQ,DE
1369,ATABUTTADAU,QatabUtadaU,bU,DE
1370,PATAHFADAU,pata:fa:daU,a:f,DE
1371,ATAJATTADAU,QatajatadaU,ja,DE
1372,ADÜSCHADAI,QadYZadaI,YZ,DE
1373,ATAFJADEU,Qatafja:daU,fj,DE
1374,ATÜHADEU,Qaty:hadOY,y:h,DE
1375,ATTETZADAI,Qat@tsadaI,@ts,DE
1376,ATÄRRADEU,QatERadOY,ER,DE
1377,ATOOEDADEU,Qato:@dadOY,o:@,DE
1378,ADEUPADAI,QadOYpadaI,OYp,DE
1379,ATIJADEU,QatIjadOY,Ij,DE
1380,ADÄSCHADAI,QadEZadaI,EZ,DE
1381,ADEESADAI,Qade:zadaI,e:z,DE
1382,DATABÜHTADEU,da:taby:tadOY,by:,DE
1383,ATTERNGADEU,Qat6NadOY,6N,DE
1384,ADISSADAS,Qa:dIsadas,s*,DE
1385,ATATSCHIEHTADEU,QatatSi:tadOY,tSi:,DE
1386,ATASATTADAU,QatazatadaU,za,DE
1387,ADASSADAI,QadasadaI,as,DE
1388,ADOSCHADAI,QadOZadaI,OZ,DE
1389,DATÖÜHTADEU,dat2:y:tadOY,2:y:,DE
1390,ATANTADAI,QatantadaI,nt,DE
1391,ATAS ADAI,QatazQadaI,zQ,DE
1392,ADAUDADAI,QadaUdadaI,aUd,DE
1393,ATASPADAI,QatazpadaI,zp,DE
1394,ATAWSADAI,QatavsadaI,vs,DE
1395,ATATZLADEU,Qatatsla:daU,tsl,DE
1396,DATAAÖHTADEU,da:ta:2:tadOY,a:2:,DE
1397,PATIEPFADAU,pati:pfa:daU,i:pf,DE
1398,ATEEHADEU,Qa:te:hadOY,e:h,DE
1399,ADÜHBADAI,Qady:ba:daI,y:b,DE
1400,DATEUAHTADEU,da:tOYa:tadOY,OYa:,DE
1401,ATACHMADEU,Qataxma:daU,xm,DE
1402,ATAJAUTADEU,QatajaUtadOY,jaU,DE
1403,PATAWTSCHADAU,patavtSa:daU,vtS,DE
1404,ADAHDADAI,Qada:dadaI,a:d,DE
1405,DATABOHTADEU,da:tabo:tadOY,bo:,DE
1406,PATANGTSCHADAU,pataNtSa:daU,NtS,DE
1407,ATOEDADEU,QatO@dadOY,O@,DE
1408,DATAIUHTADEU,da:taIu:tadOY,aIu:,DE
1409,ATINNADEU,Qa:tInadOY,In,DE
1410,ATÜHMADEU,Qaty:ma:daU,y:m,DE
1411,HADISADAI,ha:dizadaI,*h,DE
1412,PATTEFADAU,pat@fa:daU,@f,DE
1413,PATÖGGADAU,pat9gadaU,9g,DE
1414,ADÖHSCHADAI,Qad2:ZadaI,2:Z,DE
1415,APAKSADAI,QapakzadaI,kz,DE
1416,ATABTADAI,QatabtadaI,bt,DE
1417,PATATKADAU,pata:tkadaU,tk,DE
1418,PATASFADAU,patazfadaU,zf,DE
1419,ATATZHADEU,QatatshadOY,tsh,DE
1420,ADEUDADAI,QadOYdadaI,OYd,DE
1421,ATASAITADEU,QatasaItadOY,saI,DE
1422,ATARJADEU,QataRjadOY,Rj,DE
1423,ADASCHADAI,QadaZadaI,aZ,DE
1424,ATAMDADAI,QatamdadaI,md,DE
1425,PADISSADAI,pa:dIsadaI,*p,DE
1426,ATABAITADEU,QatabaItadOY,baI,DE
1427,ADUHBADAI,Qadu:ba:daI,u:b,DE
1428,ADÄTZADAI,QadEtsadaI,Ets,DE
1429,ATANMADEU,Qatanma:daU,nm,DE
1430,ATAPOHTADEU,Qatapo:tadOY,po:,DE
1431,ATATZUTTADAU,QatatsUtadaU,tsU,DE
1432,ATAWAITADEU,QatavaItadOY,vaI,DE
1433,APAKNADEU,QapaknadOY,kn,DE
1434,ATASCHTADAI,QataZtadaI,Zt,DE
1435,ATÜEDADEU,Qaty:@dadOY,y:@,DE
1436,ATAPEUTADEU,QatapOYtadOY,pOY,DE
1437,ATAJSCHADAI,QatajZadaI,jZ,DE
1438,ATÄHADEU,QatEhadOY,Eh,DE
1439,ADÜHSADAI,Qady:sadaI,y:s,DE
1440,PATAWFADAU,patavfa:daU,vf,DE
1441,ATAFBADAI,Qatafba:daI,fb,DE
1442,DATTEREHTADEU,dat6e:tadOY,6e:,DE
1443,ATUOTTADAU,Qatu:OtadaU,u:O,DE
1444,ATORRADEU,QatORadOY,OR,DE
1445,ATALÖTTADAU,Qatal9tadaU,l9,DE
1446,ATARCHADAI,QataRxadaI,Rx,DE
1447,ATA UHTADEU,QataQu:tadOY,Qu:,DE
1448,DATAFÖHTADEU,da:taf2:tadOY,f2:,DE
1449,DATANIEHTADEU,da:tani:tadOY,ni:,DE
1450,ATÖMMADEU,Qat9ma:daU,9m,DE
1451,ATÄHÖTTADAU,QatE:9tadaU,E:9,DE
1452,PATASCHTSCHADAU,pataStSa:daU,StS,DE
1453,PATAUGADAU,pataUgadaU,aUg,DE
1454,ATAMÜTTADAU,QatamYtadaU,mY,DE
1455,DATAGÄHTADEU,da:ta:gE:tadOY,gE:,DE
1456,ATATLADEU,Qata:tla:daU,tl,DE
1457,ATÄHNGADEU,QatE:NadOY,E:N,DE
1458,PATTECHKADAU,patECkadaU,Ck,DE
1459,DATADÜHTADEU,da:tady:tadOY,dy:,DE
1460,ATEUÖTTADAU,QatOY9tadaU,OY9,DE
1461,ATATÄTTADAU,QatatEtadaU,tE,DE
1462,ATABKADAU,QatabkadaU,bk,DE
1463,ADISSADAN,Qa:dIsada:n,n*,DE
1464,ADAITSCHADAI,QadaItSa:daI,aItS,DE
1465,PATATPFADAU,pata:tpfa:daU,tpf,DE
1466,ATEUHADEU,QatOYhadOY,OYh,DE
1467,ATAPSADAI,QatapzadaI,pz,DE
1468,DATAKÜHTADEU,da:taky:tadOY,ky:,DE
1469,PATÜHPFADAU,paty:pfa:daU,y:pf,DE
1470,ATASMADEU,Qatasma:daU,sm,DE
1471,PATIEGADAU,pati:gadaU,i:g,DE
1472,DATAMÖHTADEU,da:tam2:tadOY,m2:,DE
1473,ATTERNADEU,Qat6nadOY,6n,DE
1474,DATAHIEHTADEU,da:tahi:tadOY,hi:,DE
1475,ATATNADEU,Qata:tnadOY,tn,DE
1476,ATANNERTADEU,Qatan6tadOY,n6,DE
1477,ATASCHOTTADAU,QataSOtadaU,SO,DE
1478,ATALBADAI,Qatalba:daI,lb,DE
1479,ATAPFÜTTADAU,QatapfYtadaU,pfY,DE
1480,ATTERMADEU,Qat6ma:daU,6m,DE
1481,ATASCHJADEU,QataZjadOY,Zj,DE
1482,APADGADAU,QapadgadaU,dg,DE
1483,ATARNADEU,QataRnadOY,Rn,DE
1484,ATOMMADEU,QatOmadOY,Om,DE
1485,ATAPFNADEU,QatapfnadOY,pfn,DE
1486,PATTECHPFADAU,patECpfa:daU,Cpf,DE
1487,ATATZÖTTADAU,Qatats9tadaU,ts9,DE
1488,ADIWWADAI,QadIvadaI,Iv,DE
1489,ATASAUTADEU,QatasaUtadOY,saU,DE
1490,DATAJAHTADEU,da:taja:tadOY,ja:,DE
1491,DATATZÜHTADEU,datatsy:tadOY,tsy:,DE
1492,ATANHADEU,QatanhadOY,nh,DE
1493,ATATSCHOHTADEU,QatatSo:tadOY,tSo:,DE
1494,DATAUHTADEU,datau:tadOY,au:,DE
1495,ATAJPADAI,QatajpadaI,jp,DE
1496,PATAJFADAU,patajfa:daU,jf,DE
1497,ATAWAUTADEU,QatavaUtadOY,vaU,DE
1498,ADAHBADAI,Qada:ba:daI,a:b,DE
1499,ATASCHADAI,QatazxadaI,zx,DE
1500,ATAFDADAI,QatafdadaI,fd,DE
1501,ATADRADEU,QatadRadOY,dR,DE
1502,ATAAÜTTADAU,Qata:YtadaU,a:Y,DE
1503,ATOOITTADAU,Qato:ItadaU,o:I,DE
1504,PATASKADAU,patazkadaU,zk,DE
1505,DATANGEHTADEU,dataNe:tadOY,Ne:,DE
1506,ATALSADAI,QatalzadaI,lz,DE
1507,PATASGADAU,patasgadaU,sg,DE
1508,PATAHKADAU,pata:kadaU,a:k,DE
1509,ATA ERTANEU,QataQ6tanOY,Q6,DE
1510,ATAMSCHADAI,QatamZadaI,mZ,DE
1511,ADASADAI,QadazadaI,az,DE
1512,ATTERITTADAU,Qate6ItadaU,6I,DE
1513,ATAP ADAI,QatapQadaI,pQ,DE
1514,ATASCHÜTTADAU,QataSYtadaU,SY,DE
1515,ADISSADAH,Qa:dIsada:,a:*,DE
1516,ATEUJADEU,QatOYja:daU,OYj,DE
1517,ADISSADAK,Qa:dIsadak,k*,DE
1518,ADUSCHADAI,QadUSa:daI,US,DE
1519,PATAGKADAU,patagkadaU,gk,DE
1520,PATAMPFADAU,patampfa:daU,mpf,DE
1521,ATATSCHUHTADEU,QatatSu:tadOY,tSu:,DE
1522,ATOOÄTTADAU,Qato:EtadaU,o:E,DE
1523,ATEEOTTADAU,Qa:te:OtadaU,e:O,DE
1524,ATOOERDADEU,Qato:6dadOY,o:6,DE
1525,ATADAITATEU,QatadaItatOY,daI,DE
1526,ATTÖUTTADAU,Qat9UtadaU,9U,DE
1527,ATACH ADAI,QataxQadaI,xQ,DE
1528,ATATZAUTADEU,QatatsaUtadOY,tsaU,DE
1529,ATANWADAI,QatanvadaI,nv,DE
1530,ATAUÄTTADAU,QataUEtadaU,aUE,DE
1531,ADISSADDO,QadIsadO,O*,DE
1532,ATÜHNADEU,Qaty:nadOY,y:n,DE
1533,DATAHEHTADEU,datahe:tadOY,he:,DE
1534,ATALAUTADEU,QatalaUtadOY,laU,DE
1535,ATATZITTADAU,QatatsItadaU,tsI,DE
1536,ATASCHADAI,QatasxadaI,sx,DE
1537,DATAMAHTADEU,da:tama:tadOY,ma:,DE
1538,ATATZERTADEU,Qatats6tadOY,ts6,DE
1539,ATUJJADEU,QatUja:daU,Uj,DE
1540,ADÖHTZADAI,Qad2:tsadaI,2:ts,DE
1541,ATIEMADEU,Qati:ma:daU,i:m,DE
1542,PATALTSCHADAU,pataltSa:daU,ltS,DE
1543,DATANGOHTADEU,dataNo:tadOY,No:,DE
1544,ATABÜTTADAU,QatabYtadaU,bY,DE
1545,PATAWKADAU,patavkadaU,vk,DE
1546,DATTEÜHTADEU,da:t@y:tadOY,@y:,DE
1547,PFADISADAI,pfa:dizadaI,*pf,DE
1548,DATAFÄHTADEU,da:tafE:tadOY,fE:,DE
1549,ATABPADAI,QatabpadaI,bp,DE
1550,ATASJADEU,Qatasja:daU,sj,DE
1551,ADISSADOH,Qa:dIsado:,o:*,DE
1552,ADIETZADAI,Qadi:tsadaI,i:ts,DE
1553,DATABAHTADEU,da:taba:tadOY,ba:,DE
1554,ATA ÄHTADEU,QataQE:tadOY,QE:,DE
1555,ATILLADEU,QatIla:daU,Il,DE
1556,ATAPFPADAI,QatapfpadaI,pfp,DE
1557,ATTEÖTTADAU,Qat@9tadaU,@9,DE
1558,ATÄUTTADAU,QatEUtadaU,EU,DE
1559,PATATZTSCHADAU,patatstSa:daU,tstS,DE
1560,ATUHMADEU,Qatu:ma:daU,u:m,DE
1561,DATAIÜHTADEU,da:taIy:tadOY,aIy:,DE
1562,PATAIPFADAU,pataIpfa:daU,aIpf,DE
1563,ATASCHDADAI,QataZdadaI,Zd,DE
1564,ATAAÄTTADAU,Qata:EtadaU,a:E,DE
1565,ATTÖÄTTADAU,Qat9EtadaU,9E,DE
1566,PATIFFADAU,patIfa:daU,If,DE
1567,DATATÄHTADEU,datatE:tadOY,tE:,DE
1568,ADOSCHADAI,QadOSa:daI,OS,DE
1569,ATAFSADAI,QatafzadaI,fz,DE
1570,ATEENADEU,Qa:te:nadOY,e:n,DE
1571,DATÜÖHTADEU,daty:2:tadOY,y:2:,DE
1572,ATEUÄTTADAU,QatOYEtadaU,OYE,DE
1573,ATACKETADEU,Qatak@tadOY,k@,DE
1574,ATAN ADAI,QatanQadaI,nQ,DE
1575,PATAGPFADAU,patagpfadaU,gpf,DE
1576,DATAREHTADEU,dataRe:tadOY,Re:,DE
1577,PATEUKADAU,patOYkadaU,OYk,DE
1578,ATAJAITADEU,QatajaItadOY,jaI,DE
1579,ADEEPADAI,Qade:padaI,e:p,DE
1580,DATAKÄHTADEU,da:takE:tadOY,kE:,DE
1581,ADEE ADAI,Qade:QadaI,e:Q,DE
1582,DATATZAHTADEU,datatsa:tadOY,tsa:,DE
1583,ADISSADDÜ,QadIsadY,Y*,DE
1584,ATASSETADEU,Qatas@tadOY,s@,DE
1585,ADU ADAI,QadUQadaI,UQ,DE
1586,ATASCH ADAI,QataZQadaI,ZQ,DE
1587,PATAIFADAU,pataIfa:daU,aIf,DE
1588,DATAFEHTADEU,da:tafe:tadOY,fe:,DE
1589,ATAKITTADAU,QatakItadaU,kI,DE
1590,ATÄLLADEU,QatEla:daU,El,DE
1591,ADÄHSCHADAI,QadE:Sa:daI,E:S,DE
1592,ATAPFMADEU,Qatapfma:daU,pfm,DE
1593,PATÄGGADAU,patEgadaU,Eg,DE
1594,ATÄEDADEU,QatE:@da:daU,E:@,DE
1595,APADTSCHADAU,QapadtSadaU,dtS,DE
1596,APAKTSADAU,QapaktsadaU,kts,DE
1597,ATA ATTADAU,QataQatadaU,Qa,DE
1598,ATAMEUTADEU,QatamOYtadOY,mOY,DE
1599,PATAPFADAU,patapfa:daU,apf,DE
1600,ATANNETADEU,Qatan@tadOY,n@,DE
1601,DATARÄHTADEU,dataRE:tadOY,RE:,DE
1602,PATAHGADAU,pata:gadaU,a:g,DE
1603,ATASCHMADEU,QataZmadOY,Zm,DE
1604,ATARSCHADAI,QataRZadaI,RZ,DE
1605,ATACHÄTTADAU,QataxEtadaU,xE,DE
1606,ATTEREDADEU,Qat6@dadOY,6@,DE
1607,ADÄH ADAI,QadE:QadaI,E:Q,DE
1608,PATTEPFADAU,pat@pfa:daU,@pf,DE
1609,DATAAOHTADEU,da:ta:o:tadOY,a:o:,DE
1610,ADIEPADAI,Qadi:ptadaI,i:p,DE
1611,DATUÖHTADEU,datu:2:tadOY,u:2:,DE
1612,ADÄHSCHADAI,QadE:ZadaI,E:Z,DE
1613,ATTERHADEU,Qat6hadOY,6h,DE
1614,ATUHNADEU,Qatu:nadOY,u:n,DE
1615,DATÜAHTADEU,daty:a:tadOY,y:a:,DE
1616,ATADUTTADAU,QatadUtadaU,dU,DE
1617,ATUÜTTADAU,Qatu:YtadaU,u:Y,DE
1618,PATASCHPFADAU,pataZpfadaU,Zpf,DE
1619,DATASCHÖHTADEU,da:taS2:tadOY,S2:,DE
1620,DATAAIETADEU,da:ta:i:tadOY,a:i:,DE
1621,ATASTADAI,QatastadaI,st,DE
1622,ATAJSADAI,QatajzadaI,jz,DE
1623,ADAUTSCHADAI,QadaUtSa:daI,aUtS,DE
1624,ATTECHJADEU,QataCja:daU,Cj,DE
1625,ADÄHTADAI,QadE:tadaI,E:t,DE
1626,ATASCHSADAI,QataSsadaI,Ss,DE
1627,ATANSADAI,QatanzadaI,nz,DE
1628,DATASCHOHTADEU,da:taSo:tadOY,So:,DE
1629,ATAHEUTADEU,QatahOYtadOY,hOY,DE
1630,ADITSCHADAI,QadItSa:daI,ItS,DE
1631,ATALTADAI,QataltadaI,lt,DE
1632,ATÜERDADEU,Qaty:6dadOY,y:6,DE
1633,ATUERDADEU,QatU6dadOY,U6,DE
1634,ATAGCHADAI,QatagxadaI,gx,DE
1635,ATAAÖTTADAU,Qata:9tadaU,a:9,DE
1636,ATTECHETADEU,QatEC@tadOY,C@,DE
1637,DATAAEHTADEU,data:e:tadOY,a:e:,DE
1638,ADÖSSADAI,Qad9zadaI,9z,DE
1639,DATAFUHTADEU,da:tafu:tadOY,fu:,DE
1640,ATABLADEU,QatQabladOY,bl,DE
1641,ATAS ADAI,QatasQadaI,sQ,DE
1642,ATACHERTADEU,Qatax6tadOY,x6,DE
1643,APAKFADAU,Qapakfa:daU,kf,DE
1644,ATINGADEU,QatINda:daU,IN,DE
1645,ADA ADAI,QadaQadaI,aQ,DE
1646,ATEUERDADEU,QatOY6da:daU,OY6,DE
1647,PATANPFADAU,patanpfa:daU,npf,DE
1648,ATAPFWADAI,QatapfvadaI,pfv,DE
1649,ADOHTADAI,Qado:tadaI,o:t,DE
1650,PATATSCHFADAU,patatSfa:daU,tSf,DE
1651,DATAMUHTADEU,da:tamu:tadOY,mu:,DE
1652,ATARBADAI,QataRbadaI,Rb,DE
1653,PATÖPFADAU,pat9pfa:daU,9pf,DE
1654,ADISSADASCH,Qa:dIsadaS,S*,DE
1655,ATANÄTTADAU,QatanEtadaU,nE,DE
1656,PATTECHGADAU,patECgadaU,Cg,DE
1657,ADUBBADAI,QadUba:daI,Ub,DE
1658,ADOBBADAI,QadOba:daI,Ob,DE
1659,ATASAITADEU,QatazaItadOY,zaI,DE
1660,DATÖOHTADEU,dat2:o:tadOY,2:o:,DE
1661,ATARRADEU,QataRadOY,aR,DE
1662,ATALLERTADEU,Qatal6tadOY,l6,DE
1663,ATAJMADEU,Qatajma:daU,jm,DE
1664,PATANFADAU,patanfa:daU,nf,DE
1665,PATÖHKADAU,pat2:kadaU,2:k,DE
1666,DATTECHIEHTADEU,da:tECi:tadOY,Ci:,DE
1667,ATALNADEU,QatalnadOY,ln,DE
1668,ATTECHSCHADAI,QatECSadaI,CS,DE
1669,ATANGOTTADAU,QataNOtadaU,NO,DE
1670,ADIESCHADAI,Qadi:Sa:daI,i:S,DE
1671,ATATSCHÄHTADEU,QatatSE:tadOY,tSE:,DE
1672,ATTECHSCHADAI,QatECZadaI,CZ,DE
1673,ATEUNADEU,QatOYnadOY,OYn,DE
1674,ATASSCHADAI,QatasZadaI,sZ,DE
1675,PATAUPFADAU,pataUpfa:daU,aUpf,DE
1676,ATABAUTADEU,QatabaUtadOY,baU,DE
1677,DATALOHTADEU,datalo:tadOY,lo:,DE
1678,DATASUHTADEU,da:tazu:tadOY,zu:,DE
1679,DATUÜHTADEU,datu:y:tadOY,u:y:,DE
1680,ATABITTADAU,QatabItadaU,bI,DE
1681,ATACHNGADEU,QataxNadOY,xN,DE
1682,ATASCHÖTTADAU,QataS9tadaU,S9,DE
1683,ADISSADAPF,Qa:dIsadapf,pf*,DE
1684,ATÖITTADAU,Qat2:ItadaU,2:I,DE
1685,ATAPPERTADEU,Qatap6tadOY,p6,DE
1686,ATATSCHTADAI,QatatStadaI,tSt,DE
1687,ADÜHTZADAI,Qady:tsadaI,y:ts,DE
1688,ATAMTADAI,QatamtadaI,mt,DE
1689,ATAINGADEU,QataINadOY,aIN,DE
1690,DATATUHTADEU,datatu:tadOY,tu:,DE
1691,ATAWWERTADEU,Qatav6tadOY,v6,DE
1692,PATEWCHADAI,pa:t@vCadaI,vC,DE
1693,ATACHTADAI,QataxtadaI,xt,DE
1694,ATÖÖTTADAU,Qat2:9tadaU,2:9,DE
1695,ATASCHERTADEU,QataZ6tadOY,Z6,DE
1696,ADAIDADAU,QadaIdadaU,aId,DE
1697,ATATSCHSADAI,QatatSzadaI,tSz,DE
1698,DATACHÖHTADEU,da:tax2:tadOY,x2:,DE
1699,ATADSADAI,QatadsadaI,ds,DE
1700,DATASCHÄHTADEU,da:taSE:tadOY,SE:,DE
1701,ATAWPADAI,QatavpadaI,vp,DE
1702,ADIEBDADAI,Qadi:badaI,i:b,DE
1703,ADETCHADAI,Qad@tCadaI,tC,DE
1704,ATA AUTANEU,QataQaUtanOY,QaU,DE
1705,ATIEÖTTADAU,Qati:9tadaU,i:9,DE
1706,ADASCHADAI,QadaSa:daI,aS,DE
1707,ADAHTSCHADAI,Qada:tSa:daI,a:tS,DE
1708,ADEMCHADEU,Qa:d@mCadOY,mC,DE
1709,ADISSADDI,Qa:dIsadI,I*,DE
1710,ATASJADEU,QatazjadOY,zj,DE
1711,ATAPFSADAI,QatapfzadaI,pfz,DE
1712,PATIEFADAU,pati:fa:daU,i:f,DE
1713,ADESCHCHADAI,QadEZCadaI,ZC,DE
1714,ADESCHADAI,QadEsCadaI,sC,DE
1715,ATÖHADEU,Qat2:hadOY,2:h,DE
1716,ATEEÜTTADAU,Qa:te:YtadaU,e:Y,DE
1717,ADEDCHADAI,Qad@dCadaI,dC,DE
1718,ADEESCHADAI,Qade:Sa:daI,e:S,DE
1719,ADAUTADAI,QadaUtadaI,aUt,DE
1720,ATAMSADAI,QatamzadaI,mz,DE
1721,ADESCHADAI,QadEzCadaI,zC,DE
1722,PATASTSADAU,patastsadaU,sts,DE
1723,ADENCHADEU,a:d@nCadOY,nC,DE
1724,DATABÖHTADEU,da:tab2:tadOY,b2:,DE
1725,ADISCHADAI,QadIZadaI,IZ,DE
1726,CHADISADAI,Ca:dizadaI,*C,DE
1727,ATÄÜTTADAU,QatEYtadaU,EY,DE
1728,DATAUOHTADEU,da:taUo:tadOY,aUo:,DE
1729,ATATMADEU,Qatatma:daU,tm,DE
1730,PATEKCHADAU,pa:t@kCadaU,kC,DE
1731,PATATFADAU,pata:tfa:daU,tf,DE
1732,DATEEIETADEU,date:i:tadOY,e:i:,DE
1733,ATASÖTTADAU,Qatas9tadaU,s9,DE
1734,ATOOUTTADAU,Qato:UtadaU,o:U,DE
1735,ATASCHEUTADEU,QataZOYtadOY,ZOY,DE
1736,ATASCHSCHADAI,QataSZadaI,SZ,DE
1737,ATABTSADAU,QatQabtsadaU,bts,DE
1738,ATALOTTADAU,QatalOtadaU,lO,DE
1739,DATAGÜHTADEU,da:ta:gy:tadOY,gy:,DE
1740,ATASCHHADEU,QataZhadOY,Zh,DE
1741,ATASITTADAU,QatasItadaU,sI,DE
1742,DATABIEHTADEU,da:tabi:tadOY,bi:,DE
1743,PATTERGADAU,pat6gadaU,6g,DE
1744,ADETZCHADAI,QadEtsCadaI,tsC,DE
1745,APBADAI,Qapba:daI,pb,DE
1746,ADÖTTADAI,Qad9tadaI,9t,DE
1747,ATAIMADEU,QataIma:daU,aIm,DE
1748,PATEFCHADAU,pa:t@fCadaU,fC,DE
1749,ADOHTZADEI,Qado:tsadaI,o:ts,DE
1750,ATTERRADEU,Qat6RadOY,6R,DE
1751,ATAPTADAI,QataptadaI,pt,DE
1752,ADOHTSCHADAI,Qado:tSa:daI,o:tS,DE
1753,ATATSCHÖHTADEU,QatatS2:tadOY,tS2:,DE
1754,ATANCHADAI,QatanxadaI,nx,DE
1755,ADEPCHADAI,Qad@pCadaI,pC,DE
1756,ATAGSADAI,QatagsadaI,gs,DE
1757,ADEBCHADAI,Qad@bCadaI,bC,DE
1758,ATASBADAI,Qatasba:daI,sb,DE
1759,ATAMLADEU,Qatamla:daU,ml,DE
1760,ATAFSCHADAI,QatafSa:daI,fS,DE
1761,ADUSSADAI,QadUzadaI,Uz,DE
1762,ADÜTTADAI,QadYtadaI,Yt,DE
1763,DATASCHUHTADEU,da:taSu:tadOY,Su:,DE
1764,DATAIEHTADEU,dataIe:tadOY,aIe:,DE
1765,DATADOHTADEU,da:tado:tadOY,do:,DE
1766,ADENGCHADEU,Qa:dENCadOY,NC,DE
1767,ATAK ADAI,QatakQadaI,kQ,DE
1768,ATATSCHÜTTADAU,QatatSYtadaU,tSY,DE
1769,ATANDADAI,QatandadaI,nd,DE
1770,ADETSCHCHADAI,QadEtSCadaI,tSC,DE
1771,ATATZCHADAI,QatatsxadaI,tsx,DE
1772,ATIEEDADEU,Qati:@da:daU,i:@,DE
1773,ATÜLLADEU,QatYla:daU,Yl,DE
1774,ADIBBADAI,QadIba:daI,Ib,DE
1775,DATIEOHTADEU,dati:o:tadOY,i:o:,DE
1776,DATAFOHTADEU,da:tafo:tadOY,fo:,DE
1777,PATEGCHADAU,pat@gCadaU,gC,DE
1778,ADÖTZADAI,Qad9tsadaI,9ts,DE
1779,ADEPFCHADAI,Qad@pfCadaI,pfC,DE
1780,ATASCHAUTADEU,QataZaUtadOY,ZaU,DE
1781,DATAWIEHTADEU,da:tavi:tadOY,vi:,DE
1782,ATASLADEU,Qatasla:daU,sl,DE
1783,ATACHAITADEU,QataxaItadOY,xaI,DE
1784,ATANLADEU,Qatanla:daU,nl,DE
1785,DATANEHTADEU,da:tane:tadOY,ne:,DE
1786,ATAIUTTADAU,QataIUtadaU,aIU,DE
1787,ATTECH ADAI,QatECQadaI,CQ,DE
1788,ATAPFADAI,Qatapfa:daI,pf,DE
1789,ATÜOTTADAU,QatYOtadaU,YO,DE
1790,ATAPFJADEU,Qatapfja:daU,pfj,DE
1791,DATAGOHTADEU,da:ta:go:tadOY,go:,DE
1792,ADAHTADEI,Qada:tadaI,a:t,DE
1793,ATAJÄTTADAU,QatajEtadaU,jE,DE
1794,ADO ADAI,QadOQadaI,OQ,DE
1795,DATAHAHTADEU,da:taha:tadOY,ha:,DE
1796,ADUHPADAI,Qadu:padaI,u:p,DE
1797,ATATJADEU,Qata:tja:daU,tj,DE
1798,ATTETSCHADAI,Qat@tSadaI,@tS,DE
1799,ADÖBBADAI,Qad9badaI,9b,DE
1800,ADÄWWADAI,QadEvadaI,Ev,DE
1801,ATANGATTADAU,QataNatadaU,Na,DE
1802,TSCHADISADAU,tSa:dizadaU,*tS,DE
1803,ATASCHHADEU,QataShadOY,Sh,DE
1804,DATAGAHTADEU,da:ta:ga:tadOY,ga:,DE
1805,ATAPÄHTADEU,QatapE:tadOY,pE:,DE
1806,ADEUWADAI,QadOYvadaI,OYv,DE
1807,ADUHTZADAI,Qadu:tsadaI,u:ts,DE
1808,PATASKADAU,pataskadaU,sk,DE
1809,ADISCHADAI,Qa:dISa:daI,IS,DE
1810,DATAMIEHTADEU,da:tami:tadOY,mi:,DE
1811,ATUHJADEU,Qatu:ja:daU,u:j,DE
1812,ATÄATTADAU,QatEatadaU,Ea,DE
1813,DATATZOHTADEU,datatso:tadOY,tso:,DE
1814,ATÜEDADEU,QatY@da:daU,Y@,DE
1815,ATAJERTADEU,Qataj6tadOY,j6,DE
1816,ATATSCHAHTADEU,QatatSa:tadOY,tSa:,DE
1817,ATOHNADEU,Qato:nadOY,o:n,DE
1818,ADOTTADAI,QadOtadaI,Ot,DE
1819,ADOHBADAI,Qado:ba:daI,o:b,DE
1820,ATARDADAI,QataRdadaI,Rd,DE
1821,ATASSADAI,QatazsadaI,zs,DE
1822,DATARUHTADEU,dataRu:tadOY,Ru:,DE
1823,ATTECHÖTTADAU,QatEC9tadaU,C9,DE
1824,DATANOHTADEU,da:tano:tadOY,no:,DE
1825,ATAPGADAU,QatapgadaU,pg,DE
1826,ATAGATTADAU,QatagatadaU,ga,DE
1827,ATACHITTADAU,QataxItadaU,xI,DE
1828,ATASDADAI,QatazdadaI,zd,DE
1829,DATASIEHTADEU,da:tazi:tadOY,zi:,DE
1830,ADAUTZADAI,QadaUtsadaI,aUts,DE
1831,ADESCHCHADAI,adESCadaI,SC,DE
1832,ADEUBADAI,QadOYba:daI,OYb,DE
1833,PATAGFADAU,patagfadaU,gf,DE
1834,ATASCHLADEU,QataSla:daU,Sl,DE
1835,ADISSADDA,Qa:dIsada,a*,DE
1836,ATA IEHTADEU,QataQi:tadOY,Qi:,DE
1837,ADOCHADAI,QadOxadaI,Ox,DE
1838,PATACHPFADAU,pataxpfa:daU,xpf,DE
1839,DATATHÕTADEU,dataTo~tadOY,To~,DE
1840,ATABOUDEU,Qatab@UdOY,b@U,ENG/FR
1841,ATAPEIDEU,QatapEIdOY,pEI,ENG
1842,ATILLADEU,QatILadOY,IL,ENG
1843,ATTERLADEU,Qat6LadOY,6L,ENG
1844,DATATHËTADEU,dataTE~tadOY,TE~,ENG
1845,DATATHÃTADEU,dataTa~tadOY,Ta~,ENG/FR
1846,ATATHWADAI,QataDvadaI,Dv,ENG/FR
1847,ATALAITADEU,QataLaItadOY,LaI,ENG
1848,ATAHWADAI,QatahwadaI,hw,ENG
1849,ATATHWADAI,QataTwadaI,Tw,ENG
1850,ADÖHTHADAI,Qad2:TadaI,2:T,ENG/ENG
1851,ATABTHADAI,QatabDadaI,bD,ENG
1852,ATAHOUTEU,Qatah@UtOY,h@U,ENG
1853,ATALEITADEU,QataLEItadOY,LEI,ENG
1854,ATALTHADAI,QatalDadaI,lD,ENG/ENG
1855,ATAPTHADAI,QatapDadaI,pD,ENG
1856,DATEIAHTADEU,datEIa:tadOY,EIa:,ENG
1857,ADAIWADAI,QadaIwadaI,aIw,ENG
1858,ADIETHADAI,Qadi:TadaI,i:T,ENG
1859,DATATHEHTADEU,dataDe:tadOY,De:,ENG
1860,ATANEITADEU,QatanEItadOY,nEI,ENG
1861,ATAWHADEU,QatawhadOY,wh,ENG
1862,ADISSADAL,QadIsadaL,L*,ENG
1863,DATAREHTADEU,da:tare:tadOY,re:,ENG
1864,ADISSADATH,QadIsadaT,T*,ENG
1865,ATALLERTADEU,QataL6tadOY,L6,ENG
1866,ATAPWADAI,QatapwadaI,pw,ENG
1867,ATASTHADAI,QatasDadaI,sD,ENG
1868,ATAWSADAI,QatawsadaI,ws,ENG
1869,DATATHUHTADEU,dataDu:tadOY,Du:,ENG
1870,ATATHNADEU,QataDnadOY,Dn,ENG
1871,ATASTHADAI,QatazTadaI,zT,ENG
1872,ATAHLADEU,Qata:LadOY,a:L,ENG
1873,ATACHLADEU,QataxLadOY,xL,ENG
1874,ATEIERTADEU,QatEI6tadOY,EI6,ENG
1875,ADISSADEI,QadIsadEI,EI*,ENG
1876,ATAWRADEU,QatawradOY,wr,ENG
1877,ATALTSCHADAU,QataLtSadaU,LtS,ENG/ENG
1878,ATA EITANEU,QataQEItanOY,QEI,ENG
1879,ATEIJADEU,QatEIjadOY,EIj,ENG
1880,DATALOHTADEU,dataLo:tadOY,Lo:,ENG
1881,ATACHOUTADEU,Qatax@UtadOY,x@U,ENG
1882,ATTETHADAI,Qat@TadaI,@T,ENG
1883,ATAR ADAI,QatarQadaI,rQ,ENG
1884,ATARCHADEU,QatarxadOY,rx,ENG
1885,ADOHTHADAI,Qado:DadaI,o:D,ENG
1886,ATALNADEU,QataLnadOY,Ln,ENG
1887,ATATHCHADAI,QataDxadaI,Dx,ENG
1888,ATARSCHADAI,QatarSadaI,rS,ENG
1889,ATTECHTHADAI,QatECTadaI,CT,ENG
1890,ATALAUTADEU,QataLaUtadOY,LaU,ENG
1891,ATALRADEU,Qata:lra:daU,lr,ENG
1892,ADITHADAI,QadIDadaI,ID,ENG
1893,ATEIRADEU,QatEIradOY,EIr,ENG
1894,APAKTHADAI,QapakDadaI,kD,ENG/ENG
1895,ATAREUTADEU,QatarOYtadOY,rOY,ENG
1896,ADÜHTHADEI,Qady:TadaI,y:T,ENG
1897,ATAGLADEU,QatagLadOY,gL,ENG
1898,ADOWWADAI,QadaOwadaI,Ow,ENG
1899,ATEINADEU,QatEInadOY,EIn,ENG
1900,ATAHRADEU,Qata:ra:daU,a:r,ENG
1901,ATEELADEU,Qate:LadOY,e:L,ENG
1902,DATARÖHTADEU,da:tar2:tadOY,r2:,ENG
1903,ADIWWADAI,QadIwadaI,Iw,ENG
1904,DATAWIEHTADEU,datawi:tadOY,wi:,ENG
1905,ATALWADAI,QataLwadaI,Lw,ENG
1906,ATAJLADEU,QatajLadOY,jL,ENG/ENG
1907,ADOUSADAI,Qad@UsadaI,@Us,ENG
1908,ATARRADEU,QatarRdOY,rR,ENG
1909,PATATHTSADAU,pataTtsadaU,Tts,ENG
1910,ATATHPADAI,QataDpadaI,Dp,ENG
1911,ADATHADAI,QadaDadaI,aD,ENG
1912,ATABLADEU,QatabLadOY,bL,ENG
1913,ATAMLADEU,QatamLadOY,mL,ENG
1914,ATADWADAI,QatadwadaI,dw,ENG
1915,ATOUÄTTADAU,Qat@UEtadaU,@UE,ENG
1916,ATALRADEU,QataLradOY,Lr,ENG
1917,ATASWADAI,QataswadaI,sw,ENG/ENG
1918,PATAWTSADAU,patawtsadaU,wts,ENG
1919,ADEISADAI,QadEIzadaI,EIz,ENG
1920,ATAROTTADAU,QatarOtadaU,rO,ENG
1921,ATARRETADEU,Qatar@tadOY,r@,ENG
1922,ATAWAITADEU,QatawaItadOY,waI,ENG
1923,ATALEITADEU,QatalEItadOY,lEI,ENG
1924,ATATSCHWADAI,QatatSwadaI,tSw,ENG
1925,DATARUHTADEU,da:taru:tadOY,ru:,ENG
1926,ATARTHADAI,QatarDadaI,rD,ENG
1927,ATASRADEU,QatazradOY,zr,ENG/ENG
1928,ADEITSCHADAI,QadEItSadaI,EItS,ENG
1929,ADOUCHADAI,Qad@UxadaI,@Ux,ENG
1930,ATAGTHADAI,QatagTadaI,gT,ENG
1931,ATATHITTADAU,QataTItadaU,TI,ENG
1932,ADAHTHADEI,Qada:TadaI,a:T,ENG
1933,DATEIÜHTADEU,datEIy:tadOY,EIy:,ENG
1934,ATALWADAI,QatalwadaI,lw,ENG
1935,ATARHADEU,QatarhadOY,rh,ENG
1936,ADISSADAR,QadIsadar,r*,ENG
1937,ATANOUTADEU,Qatan@UtadOY,n@U,ENG
1938,ATATSCHEITEU,QatatSEItOY,tSEI,ENG
1939,ADOUSCHADAI,Qad@USadaI,@US,ENG
1940,ATALBADAI,QataLbadaI,Lb,ENG
1941,ADOUWADAI,Qad@UvadaI,@Uv,ENG
1942,ATOULADEU,Qat@ULadOY,@UL,ENG
1943,ATAMWADAI,QatamwadaI,mw,ENG/ENG
1944,ATARAITADEU,QataraItadOY,raI,ENG
1945,ADOUTHADAI,Qad@UTadaI,@UT,ENG
1946,ATATHSADAI,QataDzadaI,Dz,ENG/ENG
1947,ATAL ADAI,QataLQadaI,LQ,ENG
1948,ATEIHADEU,QatEIhadOY,EIh,ENG
1949,ADOUTSCHADAI,Qad@UtSadaI,@UtS,ENG
1950,ATARTHADAI,QatarTadaI,rT,ENG
1951,ADÜHTHADAI,Qady:DadaI,y:D,ENG/ENG
1952,ADÖTHADEI,Qad9TadaI,9T,ENG
1953,APAKWADAI,QapakwadaI,kw,ENG
1954,APAKOUTEU,Qapak@UtOY,k@U,ENG
1955,DATAWÜHTADEU,datawy:tadOY,wy:,ENG
1956,ATARÖTTADAU,Qatar9tadaU,r9,ENG
1957,ATASOUTEU,Qataz@UtOY,z@U,ENG
1958,ATARÄTTADAU,QatarEtadaU,rE,ENG
1959,ATATHEITADEU,QataTEItadOY,TEI,ENG
1960,ATARLADEU,QatarLadOY,rL,ENG/ENG
1961,ADEITADAI,QadEItadaI,EIt,ENG/ENG
1962,ATASRADEU,Qatasra:daU,sr,ENG
1963,DATATHAHTADEU,dataTa:tadOY,Ta:,ENG
1964,ATATHDADAI,QataDdadaI,Dd,ENG
1965,PATAWFADAU,patawfadaU,wf,ENG
1966,ADUWWADAI,QadUwadaI,Uw,ENG
1967,DATARÜHTADEU,da:tary:tadOY,ry:,ENG
1968,ATATSCHOUTEU,QatatS@UtOY,tS@U,ENG
1969,ATALHADEU,QataLhadOY,Lh,ENG
1970,ATAWJADEU,QatawjadOY,wj,ENG
1971,ADOU ADAI,Qad@UQadaI,@UQ,ENG
1972,PATEIGADAU,patEIgadaU,EIg,ENG
1973,DATALÜHTADEU,dataLy:tadOY,Ly:,ENG
1974,ATALITTADAU,QataLItadaU,LI,ENG
1975,*OUTATADAI,@UtatadaI,*@U,ENG
1976,ADAUTHADAI,QadaUDadaI,aUD,ENG
1977,DATATHOHTADEU,dataDo:tadOY,Do:,ENG
1978,ATANTHADAI,QatanDadaI,nD,ENG
1979,ATÖHLADEU,Qat2:LadOY,2:L,ENG
1980,ATÜRRADEU,QatYra:daU,Yr,ENG
1981,ATALDADAI,QataLdadaI,Ld,ENG
1982,ATEIÖTTADAU,QatEI9tadaU,EI9,ENG
1983,ATOUERTADEU,Qat@U6tadOY,@U6,ENG
1984,ADEISCHADAI,QadEISadaI,EIS,ENG
1985,ATAWTHADAI,QatawDadaI,wD,ENG
1986,ADEIWADAI,QadEIwadaI,EIw,ENG/ENG
1987,ADÖHWADAI,Qad2:wadaI,2:w,ENG/ENG
1988,ATAROUTADEU,QataR@UtadOY,R@U,ENG
1989,DATATHIEHTADEU,dataDi:tadOY,Di:,ENG
1990,PATARKADAU,patarkadaU,rk,ENG
1991,ATASCHWADAI,QataZwadaI,Zw,ENG
1992,ADÄWWADAI,QadEwadaI,Ew,ENG
1993,ATAWOTTADAU,QatawOtadaU,wO,ENG
1994,PATATHGADAU,pataTgadaU,Tg,ENG
1995,ATAJWADAI,QatajwadaI,jw,ENG
1996,DATALEHTADEU,dataLe:tadOY,Le:,ENG
1997,ATEENGADEU,Qate:NadOY,e:N,ENG
1998,ATEURADEU,QatOYradOY,OYr,DE
1999,ATALOUTADEU,Qatal@UtadOY,l@U,ENG
2000,ATAGEITEU,QatagEItOY,gEI,ENG
2001,ATABEIDEU,QatabEIdOY,bEI,ENG
2002,ATARAUTADEU,QataraUtadOY,raU,ENG
2003,ATUHRADEU,Qatu:ra:daU,u:r,ENG
2004,ATAPFLADEU,QatapfLadOY,pfL,ENG
2005,ATIERADEU,Qati:ra:daU,i:r,ENG
2006,ATATWADAI,QatatwadaI,tw,ENG
2007,ATAPFTHADAI,QatapfTadaI,pfT,ENG
2008,ATALWADAI,QataLvadaI,Lv,ENG
2009,ATAURADEU,QataUra:daU,aUr,ENG
2010,ATAMRADEU,Qatamra:daU,mr,ENG
2011,PATARFADAU,patarfadaU,rf,ENG
2012,ATATHBADAI,QataTbadaI,Tb,ENG
2013,ATALTHTADAI,QataLTadaI,LT,ENG
2014,ATABRADEU,QatabradOY,br,ENG/ENG
2015,ATATSCHTHADAI,QatatSDadaI,tSD,ENG
2016,ATEILADEU,QatEIladOY,EIl,ENG
2017,ATATHWADAI,QataDwadaI,Dw,ENG
2018,ATAWAUTADEU,QatawaUtadOY,waU,ENG/ENG
2019,ATAW ADAI,QatawQadaI,wQ,ENG
2020,DATEIIEHTADEU,datEIi:tadOY,EIi:,ENG
2021,ATAPFRADEU,Qatapfra:daU,pfr,ENG
2022,DATARAHTADEU,da:tara:tadOY,ra:,ENG
2023,ATATRADEU,Qatatra:daU,tr,ENG
2024,ATATZTHADAI,QatatsTadaI,tsT,ENG
2025,ATARSCHADAI,QatarZadaI,rZ,ENG
2026,ATABTHADAI,QatabTadaI,bT,ENG
2027,ATACHTHADAI,QataxDadaI,xD,ENG
2028,ATAWÜTTADAU,QatawYtadaU,wY,ENG
2029,ATALSCHADAI,QataLSadaI,LS,ENG
2030,ATOUATTADAU,QatO@UatadaU,@Ua,ENG
2031,ATAGTHADAI,QatagDadaI,gD,ENG
2032,ATÖLLADEU,Qat9LadOY,9L,ENG
2033,DATATHAHTADEU,dataDa:tadOY,Da:,ENG
2034,ATAPFWADAI,QatapfwadaI,pfw,ENG
2035,PATEIKADAU,patEIkadaU,EIk,ENG
2036,ATOHRADEU,Qato:ra:daU,o:r,ENG
2037,ATAFLADEU,QatafLadOY,fL,ENG
2038,ATATHÄTTADAU,QataTEtadaU,TE,ENG
2039,ATALÖTTADAU,QataL9tadaU,L9,ENG
2040,ATTERTHADAI,Qat6DadaI,6D,ENG
2041,ATAHEITEU,QatahEItOY,hEI,ENG
2042,ATEIOTTADAU,QatEIOtadaU,EIO,ENG
2043,ADEETHADAI,Qade:DadaI,e:D,ENG
2044,ATADLADEU,QatadLadOY,dL,ENG
2045,ADÜTHADAI,QadYTadaI,YT,ENG
2046,ATAWITTADAU,QatawItadaU,wI,ENG
2047,ATATHCHADAI,QataTxadaI,Tx,ENG
2048,DATEIOHTADEU,datEIo:tadOY,EIo:,ENG
2049,ATATSCHRADEU,QatatSra:daU,tSr,ENG
2050,ATOUMADEU,Qat@UmadOY,@Um,ENG
2051,ADEITZADAI,QadEItsadaI,EIts,ENG
2052,ATASCHWADAI,QataSwadaI,Sw,ENG
2053,ATARNGADEU,QatarNadOY,rN,ENG
2054,ATALOTTADAU,QataLOtadaU,LO,ENG
2055,ATAWÄTTADAU,QatawEtadaU,wE,ENG
2056,ATOUNADEU,Qat@UnadOY,@Un,ENG
2057,ATASLADEU,QatazLadOY,zL,ENG
2058,ADEUWADAI,QadOYwadaI,OYw,ENG
2059,ADOUOUTADEU,Qad@U@UtadOY,@U@U,ENG
2060,ATATHATTADAU,QataTatadaU,Ta,ENG/ENG
2061,ATANWADAI,QatanwadaI,nw,ENG
2062,ATOUHADEU,Qat@UhadOY,@Uh,ENG
2063,ATATHTADAI,QataDtadaI,Dt,ENG
2064,ATATEITADEU,QatatEItadOY,tEI,ENG
2065,DATOUIEHTADEU,dat@Ui:tadOY,@Ui:,ENG
2066,ATAWSADAI,QatawzadaI,wz,ENG
2067,ATTERADEU,Qat@radOY,@r,ENG
2068,ATADRADEU,Qatadra:daU,dr,ENG
2069,ATAPOUDEU,Qatap@UdOY,p@U,ENG
2070,ADÄTHADAI,QadETadaI,ET,ENG
2071,ATOUNGADEU,Qat@UNadOY,@UN,ENG
2072,PATATHKADAU,pataTkadaU,Tk,ENG
2073,ATACHEITADEU,QataxEItadOY,xEI,ENG
2074,ATTERTHADAI,Qat6TadaI,6T,ENG
2075,ATAWLADEU,QatawladOY,wl,ENG
2076,ADOUDADAI,Qad@UdadaI,@Ud,ENG
2077,ATAWUTTADAU,QatawUtadaU,wU,ENG
2078,DATATHÖHTADEU,dataD2:tadOY,D2:,ENG
2079,DATATHÖHTADEU,dataT2:tadOY,T2:,ENG
2080,PATATHTSADAU,pataDtsadaU,Dts,ENG
2081,ADISSADOU,QadIsad@U,@U*,ENG
2082,ATOUJADEU,Qat@UjadOY,@Uj,ENG
2083,ATAWTHADAI,QatavTadaI,vT,ENG
2084,ATTECHLADEU,QatECLadOY,CL,ENG
2085,ADIEWADAI,Qadi:wadaI,i:w,ENG
2086,ATAMOUTADEU,Qatam@UtadOY,m@U,ENG
2087,ATAMTHADAI,QatamTadaI,mT,ENG
2088,ATAWSCHADAI,QatawSadaI,wS,ENG
2089,ATASEITEU,QatasEItOY,sEI,ENG
2090,ATATHMADEU,QataTmadOY,Tm,ENG
2091,ATAWLADEU,QatawLadOY,wL,ENG
2092,ATOURADEU,Qat@UradOY,@Ur,ENG/ENG
2093,ATATHÄTTADAU,QataDEtadaU,DE,ENG/ENG
2094,ATALUTTADAU,QataLUtadaU,LU,ENG
2095,DATOUÖHTADEU,dat@U2:tadOY,@U2:,ENG
2096,ATATTHADAI,QatatTadaI,tT,ENG
2097,ATASCHEITEU,QataSEItOY,SEI,ENG
2098,ATOULADEU,Qat@UladOY,@Ul,ENG
2099,ATEERADEU,Qa:te:ra:daU,e:r,ENG
2100,ATATHOUTADEU,QataD@UtadOY,D@U,ENG
2101,PATATHKADAU,pataDkadaU,Dk,ENG/ENG
2102,ATANGWADAI,QataNwadaI,Nw,ENG
2103,ATIELADEU,Qati:LadOY,i:L,ENG
2104,ADEITHADAI,QadEITadaI,EIT,ENG
2105,ADUTHADAI,QadUDadaI,UD,ENG/ENG
2106,ATOUOTTADAU,Qat@UOtadaU,@UO,ENG
2107,ATA OUTANEU,QataQ@UtanOY,Q@U,ENG
2108,ATAWWADAI,QatavwadaI,vw,ENG
2109,ATATH ADAI,QataTQadaI,TQ,ENG
2110,DATATHEHTADEU,dataTe:tadOY,Te:,ENG
2111,ADOUWADAI,Qad@UwadaI,@Uw,ENG
2112,ADEUTHADAI,QadOYDadaI,OYD,ENG/ENG
2113,PATATHFADAU,pataTfadaU,Tf,ENG
2114,ATAWLADEU,QatavLadOY,vL,ENG
2115,ATASLADEU,QatasLadOY,sL,ENG
2116,ADEIDADAI,QadEIdadaI,EId,ENG
2117,ADAHWADAI,Qada:wadaI,a:w,ENG
2118,ATATHUTTADAU,QataTUtadaU,TU,ENG
2119,ATATTHADAI,QatatDadaI,tD,ENG
2120,DATATHUHTADEU,dataTu:tadOY,Tu:,ENG
2121,ADOHTHADEI,Qado:TadaI,o:T,ENG
2122,ATATHLADEU,QataDladOY,Dl,ENG
2123,ATTETHADAI,Qat@DadaI,@D,ENG
2124,ATASCHOUTADEU,QataZ@UtadOY,Z@U,ENG
2125,ATASOUTEU,Qatas@UtOY,s@U,ENG
2126,PATATHGADAU,pataDgadaU,Dg,ENG
2127,ATALNGADEU,QataLNadOY,LN,ENG
2128,ATTECHRADEU,QatECra:daU,Cr,ENG
2129,DATOUAHTADEU,dat@Ua:tadOY,@Ua:,ENG
2130,ATTECHEITEU,QatECEItOY,CEI,ENG
2131,ATATHDADAI,QataTdadaI,Td,ENG
2132,ATANGTHADAI,QataNTadaI,NT,ENG
2133,DATEIÖHTADEU,datEI2:tadOY,EI2:,ENG
2134,DATAWAHTADEU,datawa:tadOY,wa:,ENG
2135,ATASTHADAI,QatasTadaI,sT,ENG
2136,ATADTHADAI,QatadTadaI,dT,ENG
2137,ATARRADEU,QataRradOY,Rr,ENG
2138,ATATHSADAI,QataTsadaI,Ts,ENG
2139,DATAWÖHTADEU,dataw2:tadOY,w2:,ENG
2140,ATARDADAI,QatardadaI,rd,ENG
2141,ATAWNADEU,QatawnadOY,wn,ENG
2142,ATAWCHADEU,QatawxadOY,wx,ENG
2143,ATAWWERTADEU,Qataw6tadOY,w6,ENG
2144,ATANGRADEU,QataNradOY,Nr,ENG
2145,WADISADAI,wadizadaI,*w,ENG
2146,ATAWPADAI,QatawpadaI,wp,ENG
2147,ATAFTHADAI,QatafTadaI,fT,ENG
2148,DATAWUHTADEU,datawu:tadOY,wu:,ENG
2149,PATATHTSCHADAU,pataTtSadaU,TtS,ENG
2150,PATEIPFADAU,patEIpfadaU,EIpf,ENG
2151,ATARÜTTADAU,QatarYtadaU,rY,ENG
2152,ATOUUTTADAU,Qat@UUtadaU,@UU,ENG
2153,ADITHADAI,QadITadaI,IT,ENG
2154,ATARLADEU,QatarladOY,rl,ENG
2155,ATAWOUTADEU,Qataw@UtadOY,w@U,ENG
2156,ATATHUTTADAU,QataDUtadaU,DU,ENG/ENG
2157,ATARITTADAU,QatarItadaU,rI,ENG
2158,ATAREITADEU,QataREItadOY,REI,ENG
2159,ATATHOTTADAU,QataTOtadaU,TO,ENG
2160,ADOUPADAI,Qad@UpadaI,@Up,ENG
2161,ATATHPADAI,QataTpadaI,Tp,ENG
2162,ATATZOUTEU,Qatats@UtOY,ts@U,ENG
2163,ATANGOUTADEU,QataN@UtadOY,N@U,ENG
2164,ATANGTHADAI,QataNDadaI,ND,ENG
2165,ADÄTHADAI,QadEDadaI,ED,ENG
2166,ATATHRADEU,QataTRadOY,TR,ENG
2167,PATATHTSCHADAU,pataDtSadaU,DtS,ENG
2168,ATALLADEU,QataLladOY,Ll,ENG
2169,ADÄHWADAI,QadE:wadaI,E:w,ENG
2170,ATATHJADEU,QataDjadOY,Dj,ENG
2171,ATAWDADAI,QatawdadaI,wd,ENG
2172,ADUHTHADAI,Qadu:DadaI,u:D,ENG
2173,ATEILADEU,QatEILadOY,EIL,ENG
2174,ATARMADEU,QatarmadOY,rm,ENG/ENG
2175,ATATH ADAI,QataDQadaI,DQ,ENG
2176,ATAWEITADEU,QatavEItadOY,vEI,ENG
2177,ATAMEITADEU,QatamEItadOY,mEI,ENG
2178,ATÄLLADEU,QatELadOY,EL,ENG
2179,PATAWPFADAU,patawpfadaU,wpf,ENG
2180,ATALSCHADAI,QataLZadaI,LZ,ENG
2181,ATATHERTADEU,QataT6tadOY,T6,ENG
2182,PATOUFADAU,pat@UfadaU,@Uf,ENG
2183,ATARSADAI,QatarzadaI,rz,ENG
2184,ADISSADAW,QadIsadaw,w*,ENG
2185,ATAMTHADAI,QatamDadaI,mD,ENG
2186,ADOUTZADAI,Qad@UtsadaI,@Uts,ENG
2187,ATATHATTADAU,QataDatadaU,Da,ENG
2188,ATATHEUTADEU,QataDOYtadOY,DOY,ENG
2189,ATATHSADAI,QataDsadaI,Ds,ENG
2190,ADAITHADAI,QadaIDadaI,aID,ENG
2191,ATOLLADEU,QatOLadOY,OL,ENG
2192,ATAIRADEU,QataIra:daU,aIr,ENG
2193,THADISADAI,DadizadaI,*D,ENG
2194,ATAWTHADAI,QatavDadaI,vD,ENG
2195,PATATHFADAU,pataDfadaU,Df,ENG
2196,PATOUKADAU,pat@UkadaU,@Uk,ENG
2197,ATADTHADAI,QatadDadaI,dD,ENG
2198,ADAWWADAI,QadawadaI,aw,ENG
2199,ADEI ADAI,QadEIQadaI,EIQ,ENG
2200,ADEIEITADAI,QadEIEItadaI,EIEI,ENG
2201,DATATHIEHTADEU,dataTi:tadOY,Ti:,ENG/ENG
2202,ATAWMADEU,QatawmadOY,wm,ENG
2203,ATEIATTADAU,QatEIatadaU,EIa,ENG
2204,ADÄHTHADAI,QadE:TadaI,E:T,ENG
2205,ADAUTHADAI,QadaUTadaI,aUT,ENG
2206,ATAJEITADEU,QatajEItadOY,jEI,ENG
2207,ATACHTHADAI,QataxTadaI,xT,ENG
2208,ATURRADEU,QatUradOY,Ur,ENG
2209,ATACHRADEU,Qataxra:daU,xr,ENG
2210,PATAWGADAU,patawgadaU,wg,ENG
2211,ATACHWADAI,QataxwadaI,xw,ENG
2212,ATTENGADEU,Qat@NadOY,@N,ENG
2213,ATORRADEU,QatOradOY,Or,DE
2214,PATARGADAU,patargadaU,rg,ENG
2215,ATAJTHADAI,QatajDadaI,jD,ENG
2216,ADEEWADAI,Qade:wadaI,e:w,ENG
2217,ATATHWADAI,QataTvadaI,Tv,ENG
2218,ATTECHWADAI,QatECwadaI,Cw,ENG
2219,ATATHLADEU,QataTladOY,Tl,ENG
2220,ATOUÖTTADAU,Qat@U9tadaU,@U9,ENG
2221,ATÖRRADEU,Qat9ra:daU,9r,ENG
2222,ATARTHADAI,QataRDadaI,RD,ENG
2223,ATATHSCHADAI,QataTSadaI,TS,ENG
2224,ATADOUTEU,Qatad@UtOY,d@U,ENG
2225,ATTEEITADEU,Qat@EItadOY,@EI,ENG
2226,ADEETHADAI,Qade:TadaI,e:T,ENG
2227,ATARPADAI,QatarpadaI,rp,ENG
2228,ATALLADEU,QatalLadOY,lL,ENG
2229,ATALATTADAU,QataLatadaU,La,ENG
2230,ATASCHLADEU,QataSLadOY,SL,ENG
2231,ATEIEDADEU,QataEI@dadOY,EI@,ENG
2232,ATATHSCHADAI,QataDZadaI,DZ,ENG
2233,ATATHOUTADEU,QataT@UtadOY,T@U,ENG
2234,ADOUBADAI,Qad@UbadaI,@Ub,ENG/ENG
2235,DATALÄHTADEU,dataLE:tadOY,LE:,ENG
2236,ATAREITEU,QatarEItOY,rEI,ENG
2237,ATATZEITEU,QatatsEItOY,tsEI,ENG/ENG
2238,ATALSADAI,QataLsadaI,Ls,ENG
2239,PATAWTSCHADAU,patawtSadaU,wtS,ENG
2240,DATALÖHTADEU,dataL2:tadOY,L2:,ENG
2241,ATANGEITADEU,QataNEItadOY,NEI,ENG
2242,ATASCHTHADAI,QataSDadaI,SD,ENG
2243,DATAROHTADEU,da:taro:tadOY,ro:,ENG
2244,DATATHÜHTADEU,dataTy:tadOY,Ty:,ENG
2245,ATATHHADEU,QataThadOY,Th,ENG
2246,ATATHRADEU,QataDRadOY,DR,ENG
2247,ATTERRADEU,Qat6ra:daU,6r,ENG
2248,ATALTHADAI,QatalTadaI,lT,ENG
2249,ATAPFTHADAI,QatapfDadaI,pfD,ENG
2250,ATÜHRADEU,Qaty:ra:daU,y:r,ENG
2251,ATAWRADEU,Qatavra:daU,vr,ENG
2252,ATOUÜTTADAU,Qat@UYtadaU,@UY,ENG
2253,DATAWÄHTADEU,datawE:tadOY,wE:,ENG
2254,ATARTADAI,QatartadaI,rt,ENG
2255,DATATHOHTADEU,dataTo:tadOY,To:,ENG
2256,ATAFOUTEU,Qataf@UtOY,f@U,ENG
2257,ATANLADEU,QatanLadOY,nL,ENG
2258,ATATHSCHADAI,QataTZadaI,TZ,ENG
2259,ATOUITTADAU,Qat@UItadaU,@UI,ENG
2260,DATARIEHTADEU,da:tari:tadOY,ri:,ENG
2261,ATAPTHADAI,QatapTadaI,pT,ENG
2262,ATATHÜTTADAU,QataTYtadaU,TY,ENG
2263,ATASCHOUTEU,QataS@UtOY,S@U,ENG
2264,ATATLADEU,QatatLadOY,tL,ENG
2265,ATAPFEITEU,QatapfEItOY,pfEI,ENG
2266,ATARSADAI,QatarsadaI,rs,ENG
2267,ATALMADEU,QataLmadOY,Lm,ENG
2268,ATEIMADEU,QatEImadOY,EIm,ENG
2269,ATALEUTADEU,QataLOYtadOY,LOY,ENG
2270,ADEISCHADAI,QadEIZadaI,EIZ,ENG
2271,ATAWRADEU,QatawRadOY,wR,ENG
2272,ATEIÄTTADAU,QatEIEtadaU,EIE,ENG
2273,ATAFEITEU,QatafEItOY,fEI,ENG
2274,THADISADAI,TadizadaI,*T,ENG
2275,ADEUTHADAI,QadOYTadaI,OYT,ENG
2276,ATAJTHADAI,QatajTadaI,jT,ENG
2277,ADÄHTHADAI,QadE:DadaI,E:D,ENG
2278,ATAJRADEU,Qatajra:daU,jr,ENG
2279,ATATZTHADAI,QatatsDadaI,tsD,ENG
2280,ATTEOUTADEU,Qat@@UtadOY,@@U,ENG
2281,APAKTHADAI,QapakTadaI,kT,ENG
2282,ADÖHTHADAI,Qad2:DadaI,2:D,ENG
2283,ATOUETADEU,Qat@U@tadOY,@U@,ENG
2284,ATARWADAI,QatarvadaI,rv,ENG
2285,ATATZWADAI,QatatswadaI,tsw,ENG
2286,ATEIITTADAU,QatEIItadaU,EII,ENG
2287,ATIRRADEU,QatIradOY,Ir,ENG
2288,ATALLETADEU,QataL@tadOY,L@,ENG
2289,ATAPRADEU,Qatapra:daU,pr,ENG
2290,ATATHEUTADEU,QataTOYtadOY,TOY,ENG
2291,ATTERWADAI,Qat6wadaI,6w,ENG
2292,ADOTHADAI,QadOTadaI,OT,ENG
2293,ATATHRADEU,QataTradOY,Tr,ENG
2294,ATASTHADAI,QatazDadaI,zD,ENG/ENG
2295,ATAROUTEU,Qatar@UtOY,r@U,ENG
2296,ATATHTHADAI,QataDTadaI,DT,ENG/ENG
2297,ATATHBADAI,QataDbadaI,Db,ENG/ENG
2298,ATAGWADAI,QatagwadaI,gw,ENG
2299,ATALÜTTADAU,QataLYtadaU,LY,ENG
2300,DATOUÜHTADEU,dat@Uy:tadOY,@Uy:,ENG
2301,DATOUÄHTADEU,dat@UE:tadOY,@UE:,ENG
2302,ADIETHADAI,Qadi:DadaI,i:D,ENG
2303,PATALKADAU,pataLkadaU,Lk,ENG
2304,DATALIEHTADEU,dataLi:tadOY,Li:,ENG
2305,ATALPADAI,QataLpadaI,Lp,ENG
2306,DATATHÄHTADEU,dataDE:tadOY,DE:,ENG
2307,ADOHWADAI,Qado:wadaI,o:w,ENG
2308,ATALTADAI,QataLtadaI,Lt,ENG
2309,ATATHTADAI,QataTtadaI,Tt,ENG
2310,ADAHTHADAI,Qada:DadaI,a:D,ENG
2311,ADEISADAI,QadEIsadaI,EIs,ENG
2312,ATAFTHADAI,QatafDadaI,fD,ENG
2313,ATARWADAI,QataRwadaI,Rw,ENG
2314,ADEICHADAI,QadEICadaI,EIC,ENG
2315,APAKEITEU,QapakEItOY,kEI,ENG
2316,ATARRERTADEU,Qatar6tadOY,r6,ENG
2317,ATAWATTADAU,QatawatadaU,wa,ENG
2318,APAKRADEU,Qapakra:daU,kr,ENG
2319,ATAFRADEU,Qatafra:dOY,fr,ENG
2320,DATARÄHTADEU,da:tarE:tadOY,rE:,ENG
2321,ATALLADEU,QataLadOY,aL,ENG
2322,PATOUPFADAU,pat@UpfadaU,@Upf,ENG
2323,ATATHÖTTADAU,QataT9tadaU,T9,ENG
2324,ATALSADAI,QataLzadaI,Lz,ENG
2325,ATARATTADAU,QataratadaU,ra,ENG
2326,ATASCHEITADEU,QataZEItadOY,ZEI,ENG
2327,ATEIUTTADAU,QatEIUtadaU,EIU,ENG
2328,ADÜHWADAI,Qady:wadaI,y:w,ENG
2329,DATAWEHTADEU,datawe:tadOY,we:,ENG
2330,DATATHÄHTADEU,dataTE:tadOY,TE:,ENG
2331,ADÖWWADAI,Qad9wadaI,9w,ENG
2332,ATATHAITADEU,QataTaItadOY,TaI,ENG
2333,ATARWADAI,QatarwadaI,rw,ENG
2334,ADOUSCHADAI,Qad@UZadaI,@UZ,ENG/ENG
2335,ATAFWADAI,QatafwadaI,fw,ENG
2336,ATATHOTTADAU,QataDOtadaU,DO,ENG
2337,ATATHÜTTADAU,QataDYtadaU,DY,ENG
2338,ATATHÖTTADAU,QataD9tadaU,D9,ENG
2339,EITATADAI,EItatadaI,*EI,ENG
2340,ATAWTADAI,QatawtadaI,wt,ENG
2341,ATATZRADEU,Qatatsra:daU,tsr,ENG
2342,PATALFADAU,pataLfadaU,Lf,ENG
2343,ATAWEITADEU,QatawEItadOY,wEI,ENG
2344,ADAITHADAI,QadaITadaI,aIT,ENG/ENG
2345,ATAWTHADAI,QatawTadaI,wT,ENG
2346,ATATHEITADEU,QataDEItadOY,DEI,ENG/ENG
2347,ADAUWADAI,QadaUwadaI,aUw,ENG/ENG
2348,ATADEITEU,QatadEItOY,dEI,ENG
2349,ATTEWADAI,Qat@wadaI,@w,ENG
2350,ATAJOUTADEU,Qataj@UtadOY,j@U,ENG
2351,ADEIBADAI,QadEIbadaI,EIb,ENG
2352,ATAULADEU,QataULadOY,aUL,ENG
2353,PATEIFADAU,patEIfadaU,EIf,ENG
2354,DATEIÄHTADEU,datEIE:tadOY,EIE:,ENG
2355,ATTECHOUTEU,QatEC@UtOY,C@U,ENG
2356,ATARLADEU,QataRLadOY,RL,ENG
2357,ATOURADEU,Qat@URadOY,@UR,ENG
2358,ATAWEUTADEU,QatawOYtadOY,wOY,ENG
2359,ATABWADAI,QatabwadaI,bw,ENG
2360,ADEIOUTADAI,QadEI@UtadaI,EI@U,ENG
2361,ATALCHADEU,QataLxadOY,Lx,ENG/ENG
2362,ATARTHADAI,QataRTadaI,RT,ENG
2363,PATOUGADAU,pat@UgadaU,@Ug,ENG
2364,ATTECHTHADAI,QatECDadaI,CD,ENG
2365,DATOUEHTADEU,dat@Ue:tadOY,@Ue:,ENG
2366,ATARRADEU,Qatara:daU,ar,ENG
2367,ATATHMADEU,QataDmadOY,Dm,ENG
2368,ATEINGADEU,QatEINadOY,EIN,ENG
2369,ATALTHDADAI,QataLDdadaI,LD,ENG
2370,ADUHWADAI,Qadu:wadaI,u:w,ENG/ENG
2371,ATATHJADEU,QataTjadOY,Tj,ENG
2372,ATATHERTADEU,QataD6tadOY,D6,ENG
2373,ADOUTADAI,Qad@UtadaI,@Ut,ENG
2374,ATASCHTHADAI,QataZDadaI,ZD,ENG
2375,ATALPFADAU,QataLpfadaU,Lpf,ENG
2376,ATATHNADEU,QataTnadOY,Tn,ENG
2377,ATALRADEU,QataLRadOY,LR,ENG
2378,ATALJADEU,QataLjadOY,Lj,ENG
2379,ATANGLADEU,QataNLadOY,NL,ENG
2380,ATATZLADEU,QatatsLadOY,tsL,ENG
2381,ADELCHADEU,Qad@LCadOY,LC,ENG
2382,ATALOUTADEU,QataL@UtadOY,L@U,ENG
2383,ATAWSCHADAI,QatawZadaI,wZ,ENG/ENG
2384,DATALAHTADEU,dataLa:tadOY,La:,ENG
2385,ADEWCHADAI,Qad@wCadaI,wC,ENG
2386,APAKLADEU,QapakLadOY,kL,ENG
2387,ATASEITEU,QatazEItOY,zEI,ENG
2388,ATASWADAI,QatazwadaI,zw,ENG
2389,ATANRADEU,Qatanra:daU,nr,ENG
2390,ATAGRADEU,Qata:gra:daU,gr,ENG
2391,ADETHCHADAI,Qad@TCadaI,TC,ENG
2392,PATATHPFADAU,pataTpfadaU,Tpf,ENG
2393,ATAWWETADEU,Qataw@tadOY,w@,ENG
2394,ATAWOUTADEU,Qatav@UtadOY,v@U,ENG
2395,ATULLADEU,QatULadOY,UL,ENG
2396,ADOTHADAI,QadODadaI,OD,ENG
2397,ADEDCHADAI,Qad@DCadaI,DC,ENG
2398,ATATSCHLADEU,QatatSLadOY,tSL,ENG
2399,ATÄRRADEU,QatEra:daU,Er,ENG
2400,ADÜTHADAI,QadYDadaI,YD,ENG
2401,DATAWOHTADEU,datawo:tadOY,wo:,ENG
2402,ATALTSADAU,QataLtsadaU,Lts,ENG
2403,ATUHLADEU,Qatu:LadOY,u:L,ENG
2404,ADOUEITADEU,Qad@UEItadOY,@UEI,ENG
2405,ATATHAUTADEU,QataDaUtadOY,DaU,ENG/ENG
2406,PATAWKADAU,patawkadaU,wk,ENG
2407,ADATHADAI,QadaTadaI,aT,ENG
2408,ATATHETADEU,QataT@tadOY,T@,ENG
2409,ADOUSADAI,Qad@UzadaI,@Uz,ENG
2410,ATASCHLADEU,QataZLadOY,ZL,ENG
2411,ADÖTHADAI,Qad9DadaI,9D,ENG
2412,ATAPFOUTEU,Qatapf@UtOY,pf@U,ENG
2413,ATANTHADAI,QatanTadaI,nT,ENG
2414,ADUHTHADEI,Qadu:TadaI,u:T,ENG
2415,ATATHSCHADAI,QataDSadaI,DS,ENG
2416,ATEIRADEU,QatEIRadOY,EIR,ENG
2417,ATATHITTADAU,QataDItadaU,DI,ENG
2418,ATAPLADEU,QatapLadOY,pL,ENG
2419,ATOHLADEU,Qato:LadOY,o:L,ENG
2420,ATATHHADEU,QataDhadOY,Dh,ENG
2421,ATATHLADEU,QataTLadOY,TL,ENG
2422,ATASCHRADEU,QataZradOY,Zr,ENG/ENG
2423,ADISSADATH,QadIsadaD,D*,ENG
2424,ATÄHLADEU,QatE:LadOY,E:L,ENG
2425,ATÜLLADEU,QatYLadOY,YL,ENG
2426,ATATHAUTADEU,QataTaUtadOY,TaU,ENG
2427,DATOUOHTADEU,dat@Uo:tadOY,@Uo:,ENG
2428,ATÄHRADEU,QatE:ra:daU,E:r,ENG
2429,DATALUHTADEU,dataLu:tadOY,Lu:,ENG
2430,ADOUTHADAI,Qad@UDadaI,@UD,ENG
2431,DATATHÜHTADEU,dataDy:tadOY,Dy:,ENG/ENG
2432,ATÖHRADEU,Qat2:ra:daU,2:r,ENG
2433,RADISADAI,ra:dizadaI,*r,ENG
2434,ATEULADEU,QatOYLadOY,OYL,ENG
2435,ATATHRADEU,QataDradOY,Dr,ENG
2436,ADÜWWADAI,QadYwadaI,Yw,ENG/ENG
2437,ATAWWADAI,QatawvadaI,wv,ENG
2438,ATTELADEU,Qat@LadOY,@L,ENG
2439,ATAWBADAI,QatawbadaI,wb,ENG
2440,ATAWÖTTADAU,Qataw9tadaU,w9,ENG
2441,ATATHAITADEU,QataDaItadOY,DaI,ENG
2442,ATÜHLADEU,Qaty:LadOY,y:L,ENG
2443,ATATHLADEU,QataDLadOY,DL,ENG
2444,DATEIEHTADEU,datEIe:tadOY,EIe:,ENG/ENG
2445,ADUTHADAI,QadUTadaI,UT,ENG
2446,ADEIPADAI,QadEIpadaI,EIp,ENG
2447,ATATHTHADAI,QataTDadaI,TD,ENG
2448,ATATOUTADEU,Qatat@UtadOY,t@U,ENG/ENG
2449,ATATHETADEU,QataD@tadOY,D@,ENG
2450,ATALÄTTADAU,QataLEtadaU,LE,ENG
2451,ATAWNGADEU,QatawNadOY,wN,ENG
2452,ATARJADEU,QatarjadOY,rj,ENG
2453,ATARBADAI,QatarbadaI,rb,ENG
2454,ATASCHRADEU,QataSra:daU,Sr,ENG
2455,ADEITHADAI,QadEIDadaI,EID,ENG
2456,DATEIUHTADEU,datEIu:tadOY,EIu:,ENG/ENG
2457,ATATSCHTHADAI,QatatSTadaI,tST,ENG
2458,PATATHPFADAU,pataDpfadaU,Dpf,ENG
2459,PATALGADAU,pataLgadaU,Lg,ENG
2460,ADEIWADAU,QadEIvadaU,EIv,ENG
2461,ATAILADEU,QataILadOY,aIL,ENG
2462,ATARUTTADAU,QatarUtadaU,rU,ENG
2463,ATASCHTHADAI,QataSTadaI,ST,ENG
2464,LADISADAI,LadizadaI,*L,ENG
2465,ATATHSADAI,QataTzadaI,Tz,ENG
2466,ATARNADEU,QatarnadOY,rn,ENG
2467,ATASCHTHADAI,QataZTadaI,ZT,ENG
2468,ATAGOUTEU,Qatag@UtOY,g@U,ENG
2469,ATEIÜTTADAU,QatEIYtadaU,EIY,ENG
2470,DATARÃTADEU,datara~tadOY,ra~,ENG
2471,ATÕUTTADAU,Qato~UtadaU,o~U,ENG/FR
2472,DATAPFÕTADEU,datapfo~tadOY,pfo~,FR
2473,DATOUÃTADEU,dat@Ua~tadOY,@Ua~,FR
2474,DATÄHËTADEU,datE:E~tadOY,E:E~,ENG/FR
2475,ATÕHADEU,Qato~hadOY,o~h,FR
2476,DATËIEHTADEU,datE~i:tadOY,E~i:,FR
2477,ADÕWADAI,Qado~vadaI,o~v,FR
2478,DATALËTADEU,dataLE~tadOY,LE~,FR
2479,ATÕLADEU,Qato~ladOY,o~l,ENG/FR
2480,DATAHÃTADEU,data:a~tadOY,a:a~,FR
2481,ATÃÜTTADAU,Qata~YtadaU,a~Y,FR
2482,DATAIÃTADEU,dataIa~tadOY,aIa~,FR
2483,ATA ÕTADEU,QataQo~tadOY,Qo~,FR
2484,DATALÕTADEU,dataLo~tadOY,Lo~,FR
2485,ATÕÜTTADAU,Qato~YtadaU,o~Y,ENG/FR
2486,ATÕÖTTADAU,Qato~9tadaU,o~9,FR
2487,DATÄHÃTADEU,datE:a~tadOY,E:a~,FR
2488,ADËCHADEU,QadE~CadOY,E~C,FR
2489,DATAWÃTADEU,datava~tadOY,va~,FR
2490,DATAIËTADEU,dataIE~tadOY,aIE~,FR
2491,DATÄËTADEU,datEE~tadOY,EE~,FR
2492,DATIÃTADEU,datIa~tadOY,Ia~,FR
2493,ATÃHADEU,Qata~hadOY,a~h,FR
2494,ADÕTHADAI,Qado~DadaI,o~D,FR
2495,DATÃÖHTADEU,data~2:tadOY,a~2:,FR/ENG
2496,ATÃRADEU,Qata~RadOY,a~R,FR
2497,DATËÖHTADEU,datE~2:tadOY,E~2:,FR
2498,ATËJADEU,QatE~jadOY,E~j,FR
2499,DATAMÃTADEU,datama~tadOY,ma~,FR
2500,ATA ËTADEU,QataQE~tadOY,QE~,FR
2501,PATÕFADAU,pato~fadaU,o~f,FR
2502,DATÕËTADEU,dato~E~tadOY,o~E~,FR
2503,ATÃNADEU,Qata~nadOY,a~n,FR/FR
2504,DATABËTADEU,databE~tadOY,bE~,FR
2505,DATÕUHTADEU,dato~u:tadOY,o~u:,FR
2506,DATATHÃTADEU,dataTa~tadOY,Ta~,FR
2507,DATÖHËTADEU,dat2:E~tadOY,2:E~,ENG/FR
2508,ATÃERDADEU,Qata~6dadOY,a~6,FR
2509,ATÃJADEU,Qata~jadOY,a~j,FR
2510,ADÕWADAI,Qado~wadaI,o~w,FR
2511,ATËHADEU,QatE~hadOY,E~h,FR/ENG
2512,DATËÕTADEU,datE~o~tadOY,E~o~,FR
2513,DATÃÄHTADEU,data~E:tadOY,a~E:,FR/FR
2514,DATÕÃTADEU,dato~a~tadOY,o~a~,FR
2515,DATTERÕTADEU,dat6o~tadOY,6o~,FR/FR
2516,DATÄÃTADEU,datEa~tadOY,Ea~,FR
2517,DATATSCHÃTADEU,datatSa~tadOY,tSa~,FR
2518,ADÃSADAI,Qada~sadaI,a~s,FR
2519,DATAPËTADEU,datapE~tadOY,pE~,FR
2520,ADÕPADAI,Qado~padaI,o~p,FR
2521,DATEUËTADEU,datOYE~tadOY,OYE~,FR
2522,DATUHËTADEU,datu:E~tadOY,u:E~,FR
2523,DATÜÕTADEU,datYo~tadOY,Yo~,FR
2524,DATAFÕTADEU,datafo~tadOY,fo~,FR
2525,ATËOTTADAU,QatE~OtadaU,E~O,FR
2526,ADÕBADAI,Qado~badaI,o~b,FR
2527,DATÜHÃTADEU,daty:a~tadOY,y:a~,FR
2528,ATÃNGADEU,Qata~NadOY,a~N,FR
2529,ATÃATTADAU,Qata~atadaU,a~a,FR
2530,DATARÃTADEU,dataRa~tadOY,Ra~,FR
2531,ADËTZADAI,QadE~tsadaI,E~ts,FR
2532,ATÃRADEU,Qata~radOY,a~r,FR
2533,DATATËTADEU,datatE~tadOY,tE~,FR/ENG
2534,DATADÕTATEU,dataDo~tadOY,Do~,FR
2535,ADÃTSCHADAI,Qada~tSadaI,a~tS,ENG/FR
2536,DATEUÃTADEU,datOYa~tadOY,OYa~,FR
2537,DATAWËTADEU,datawE~tadOY,wE~,FR
2538,DATIEÃTADEU,dati:a~tadOY,i:a~,ENG/FR
2539,DATAHÕTADEU,data:o~tadOY,a:o~,FR
2540,DATUHÃTADEU,datu:a~tadOY,u:a~,FR
2541,ADËSCHADAI,QadE~ZadaI,E~Z,FR
2542,DATÕEHTADEU,dato~e:tadOY,o~e:,FR
2543,ADËDADAI,QadE~dadaI,E~d,FR
2544,ATËATTADAU,QatE~atadaU,E~a,FR
2545,DATAHËTADEU,datahE~tadOY,hE~,FR
2546,ATÕMADEU,Qato~madOY,o~m,FR
2547,DATOËTADEU,datOE~tadOY,OE~,FR
2548,DATÜHËTADEU,daty:E~tadOY,y:E~,FR
2549,DATAJÕTADEU,datajo~tadOY,jo~,FR
2550,DATËAHTADEU,datE~a:tadOY,E~a:,FR
2551,DATËEHTADAU,datE~e:tadaU,E~e:,FR
2552,ATÃÖTTADAU,Qata~9tadaU,a~9,FR
2553,DATAWÕTADEU,datawo~tadOY,wo~,FR
2554,DATËÃTADEU,datE~a~tadOY,E~a~,ENG/FR
2555,DATOUÕTADEU,dat@Uo~tadOY,@Uo~,FR/FR
2556,DATAGÕTADEU,datago~tadOY,go~,ENG/FR
2557,ATËNADEU,QatE~nadOY,E~n,FR
2558,PATËGADAU,patE~gadaU,E~g,FR
2559,DATTERËTADEU,dat6E~tadOY,6E~,FR
2560,ATÕEITADEU,Qato~EItadOY,o~EI,FR
2561,DATAÕTADEU,datao~tadOY,ao~,FR/ENG
2562,DATIÕTADEU,datIo~tadOY,Io~,FR
2563,ADÃTHADAI,Qada~DadaI,a~D,FR
2564,DATATZÃTADEU,datatsa~tadOY,tsa~,FR/ENG
2565,PATÕGADAU,pato~gadaU,o~g,FR
2566,ADÃDADAI,Qada~dadaI,a~d,FR
2567,ADÕSADAI,Qado~zadaI,o~z,FR
2568,DATASCHËTADEU,dataSE~tadOY,SE~,FR
2569,DATASCHÕTADEU,dataZo~tadOY,Zo~,FR
2570,DATËOHTADEU,datE~o:tadOY,E~o:,FR
2571,ADËBADAI,QadE~badaI,E~b,FR
2572,ATËITTADAU,QatE~ItadaU,E~I,FR
2573,DATASÃTADEU,dataza~tadOY,za~,FR
2574,DATANGÕTADEU,dataNo~tadOY,No~,FR
2575,DATEHÃTADEU,date:a~tadOY,e:a~,FR
2576,ATAFRADEU,Qatafra:d@U,fr,FR
2577,DATAWËTADEU,datavE~tadOY,vE~,ENG
2578,ADISSADÃ,QadIsada~,a~*,FR
2579,ADÃ ADAI,Qada~QadaI,a~Q,FR
2580,DATEIÃTADEU,datEIa~tadOY,EIa~,FR
2581,DATARÕTADEU,dataRo~tadOY,Ro~,ENG/FR
2582,DATAMËTADEU,datamE~tadOY,mE~,FR
2583,ATËEDADEU,QatE~@dadOY,E~@,FR
2584,DATAUËTADEU,dataUE~tadOY,aUE~,FR
2585,ATËRADEU,QatE~radOY,E~r,FR
2586,DATAKÃTADEU,dataka~tadOY,ka~,FR/ENG
2587,DATALËTADEU,datalE~tadOY,lE~,FR
2588,DATEUÕTADEU,datOYo~tadOY,OYo~,FR
2589,DATAGÃTADEU,dataga~tadOY,ga~,FR
2590,ATÕNADEU,Qato~nadOY,o~n,FR
2591,DATANËTADEU,datanE~tadOY,nE~,FR
2592,DATÖHÕTADEU,dat2:o~tadOY,2:o~,FR
2593,DATAMÕTADEU,datamo~tadOY,mo~,FR
2594,PATÃKADAU,pata~kadaU,a~k,FR
2595,ATÃOTTADAU,Qata~OtadaU,a~O,FR
2596,DATEHÕTADEU,date:o~tadOY,e:o~,FR
2597,DATÖÃTADEU,dat9a~tadOY,9a~,FR
2598,ATÕRADEU,Qato~RadOY,o~R,FR
2599,ADËTHADAI,QadE~DadaI,E~D,FR
2600,DATÖËTADEU,dat9E~tadOY,9E~,FR/ENG
2601,ADÕTADAI,Qado~tadaI,o~t,FR
2602,DATÄÕTADEU,datEo~tadOY,Eo~,FR
2603,DATAUÃTADEU,dataUa~tadOY,aUa~,FR
2604,ADÃWADAI,Qada~vadaI,a~v,FR
2605,DATIEËTADEU,dati:E~tadOY,i:E~,FR
2606,DATAGËTADEU,datagE~tadOY,gE~,FR
2607,DATASCHËTADEU,dataZE~tadOY,ZE~,FR
2608,ADÃSCHADAI,Qada~SadaI,a~S,FR
2609,DATAFËTADEU,datafE~tadOY,fE~,FR
2610,DATASËTADEU,datazE~tadOY,zE~,FR
2611,ADËTADAI,QadE~tadaI,E~t,FR
2612,ADËTHADAI,QadE~TadaI,E~T,FR
2613,ADËWADAI,QadE~vadaI,E~v,FR/ENG
2614,ATËNGADEU,QatE~NadOY,E~N,FR
2615,DATTEÃTADEU,dat@a~tadOY,@a~,FR
2616,ATÕITTADAU,Qato~ItadaU,o~I,FR
2617,DATANGËTADEU,dataNE~tadOY,NE~,FR
2618,DATAUÕTADEU,dataUo~tadOY,aUo~,FR
2619,DATAPÕTADEU,datapo~tadOY,po~,FR
2620,ÕDATADEU,o~datadOY,*o~,FR
2621,DATACHÃTADEU,dataxa~tadOY,xa~,FR
2622,DATÜÃTADEU,datYa~tadOY,Ya~,FR
2623,DATÕIEHTADEU,dato~i:tadOY,o~i:,FR
2624,DATARËTADEU,datarE~tadOY,rE~,FR
2625,PATËPFADAU,patE~pfadaU,E~pf,ENG/FR
2626,ATËLADEU,QatE~ladOY,E~l,FR
2627,DATAKËTADEU,datakE~tadOY,kE~,FR
2628,ATÃEDADEU,Qata~@dadOY,a~@,FR
2629,DATALÕTADEU,datalo~tadOY,lo~,FR
2630,PATÕKADAU,pato~kadaU,o~k,FR
2631,DATAWÃTADEU,datawa~tadOY,wa~,FR
2632,ADËPADAI,QadE~padaI,E~p,ENG/FR
2633,DATTEÕTADEU,dat@o~tadOY,@o~,FR
2634,DATAJÃTADEU,dataja~tadOY,ja~,FR
2635,ADËSADAI,QadE~sadaI,E~s,FR
2636,ATËUTTADAU,QatE~UtadaU,E~U,FR
2637,DATOHÕTADEU,dato:o~tadOY,o:o~,FR
2638,DATÃOHTADEU,data~o:tadOY,a~o:,FR
2639,PATÕPFADAU,pato~pfadaU,o~pf,FR
2640,ATËERDADEU,QatE~6dadOY,E~6,FR
2641,DATOHÃTADEU,dato:a~tadOY,o:a~,FR
2642,ËDATADEU,E~datadOY,*E~,FR
2643,DATATHÕTADEU,dataTo~tadOY,To~,FR
2644,ADËTSCHADAI,QadE~tSadaI,E~tS,ENG/FR
2645,ATÕATTADAU,Qato~atadaU,o~a,FR
2646,ATÕCHADEU,Qato~xadOY,o~x,FR
2647,ADÕDADAI,Qado~dadaI,o~d,FR
2648,ADÃSCHADAI,Qada~ZadaI,a~Z,FR
2649,DATÃEHTADEU,data~e:tadOY,a~e:,FR
2650,ADÃPADAI,Qada~padaI,a~p,FR
2651,ADÕSCHADAI,Qado~SadaI,o~S,FR
2652,ADÃTADAI,Qada~tadaI,a~t,FR
2653,ATÃÄTTADAU,Qata~EtadaU,a~E,FR
2654,DATTERÃTADEU,dat6a~tadOY,6a~,FR
2655,ADË ADAI,QadE~QadaI,E~Q,FR
2656,DATÃÕTADEU,data~o~tadOY,a~o~,FR
2657,DATÄHÕTADEU,datE:o~tadOY,E:o~,FR/FR
2658,DATANÃTADEU,datana~tadOY,na~,FR
2659,DATOUËTADEU,dat@UE~tadOY,@UE~,FR
2660,ATËRADEU,QatE~RadOY,E~R,ENG/FR
2661,PATËKADAU,patE~kadaU,E~k,FR
2662,ADÃWADAI,Qada~wadaI,a~w,FR
2663,DATÕÄHTADEU,dato~E:tadOY,o~E:,FR/ENG
2664,DATIËTADEU,datIE~tadOY,IE~,FR
2665,DATËEHTADAU,datE~E:tadaU,E~E:,FR
2666,DATOHËTADEU,dato:E~tadOY,o:E~,FR
2667,DATAPFÃTADEU,datapfa~tadOY,pfa~,FR
2668,ADÕTHADAI,Qado~TadaI,o~T,FR
2669,ATAPFRADEU,QatapfRadOY,pfR,FR/ENG
2670,ADÃTHADAI,Qada~TadaI,a~T,DE
2671,ÃDATADEU,a~datadOY,*a~,FR/ENG
2672,DATUÃTADEU,datUa~tadOY,Ua~,FR
2673,DATATHËTADEU,dataDE~tadOY,DE~,FR
2674,DATATSCHËTADEU,datatSE~tadOY,tSE~,ENG/FR
2675,DATIEÕTADEU,dati:o~tadOY,i:o~,FR
2676,ATÃITTADAU,Qata~ItadaU,a~I,FR
2677,DATAWÕTADEU,datavo~tadOY,vo~,FR
2678,ADÃBADAI,Qada~badaI,a~b,FR
2679,DATAHÕTADEU,dataho~tadOY,ho~,FR
2680,DATÕOHTADEU,dato~o:tadOY,o~o:,FR
2681,DATTEËTADEU,dat@E~tadOY,@E~,FR
2682,DATEIËTADEU,datEIE~tadOY,EIE~,FR
2683,DATÕAHTADEU,dato~a:tadOY,o~a:,ENG/FR
2684,DATUHÕTADEU,datu:o~tadOY,u:o~,FR
2685,DATASCHÕTADEU,dataSo~tadOY,So~,FR
2686,DATABÕTADEU,databo~tadOY,bo~,FR
2687,DATACHËTADEU,dataxE~tadOY,xE~,FR
2688,ADÃEITADEU,Qada~EItadOY,a~EI,FR
2689,DATATHËTADEU,dataTE~tadOY,TE~,FR/ENG
2690,DATTECHÕTADEU,datECo~tadOY,Co~,ENG/FR
2691,DATÃÜHTADEU,data~y:tadOY,a~y:,FR
2692,ADÕTZADAI,Qado~tsadaI,o~ts,FR
2693,DATASÃTADEU,datasa~tadOY,sa~,FR
2694,DATATZËTADEU,datatsE~tadOY,tsE~,FR
2695,DATADËTADEU,datadE~tadOY,dE~,FR
2696,DATUÕTADEU,datUo~tadOY,Uo~,FR
2697,ATÕETADEU,Qato~@tadOY,o~@,FR
2698,ATÕERTADEU,Qato~6tadOY,o~6,FR
2699,ADËSADAI,QadE~zadaI,E~z,FR
2700,DATAÃTADEU,dataa~tadOY,aa~,FR
2701,DATATSCHÕTADEU,datatSo~tadOY,tSo~,FR
2702,DATACHÕTADEU,dataxo~tadOY,xo~,FR
2703,ADÃSADAI,Qada~zadaI,a~z,FR
2704,PATÃPFADAU,pata~pfadaU,a~pf,FR
2705,ATÕOTTADAU,dato~OtadOY,o~O,FR
2706,ATÕLADEU,Qato~LadOY,o~L,FR
2707,ADÕSADAI,Qado~sadaI,o~s,FR/ENG
2708,ADÕTSCHADAI,Qado~tSadaI,o~tS,FR
2709,ATA ÃTADEU,QataQa~tadOY,Qa~,FR
2710,DATÖHÃTADEU,dat2:a~tadOY,2:a~,FR
2711,DATËUHTADEU,datE~u:tadOY,E~u:,FR
2712,ADÃTZADAI,Qada~tsadaI,a~ts,FR
2713,ADISSADÕ,QadIsado~,o~*,FR
2714,DATÃIEHTADEU,data~i:tadOY,a~i:,FR
2715,ATÕÄTTADAU,Qato~EtadaU,o~E,FR
2716,DATÃUHTADEU,data~u:tadOY,a~u:,FR
2717,DATARÕTADEU,dataro~tadOY,ro~,FR
2718,DATTECHËTADEU,datECE~tadOY,CE~,ENG/FR
2719,ATËÄTTADAU,QatE~EtadaU,E~E,FR
2720,DATASCHÃTADEU,dataZa~tadOY,Za~,FR
2721,DATABÃTADEU,databa~tadOY,ba~,FR
2722,DATÜËTADEU,datYE~tadOY,YE~,FR
2723,DATAJËTADEU,datajE~tadOY,jE~,FR
2724,DATADÃTADEU,datada~tadOY,da~,FR
2725,DATATZÕTADEU,datatso~tadOY,tso~,FR
2726,DATAKÕTADEU,datako~tadOY,ko~,FR
2727,ATÕNGADEU,Qato~NadOY,o~N,FR
2728,PATÃFADAU,pata~fadaU,a~f,FR
2729,DATÃAHTADEU,data~a:tadOY,a~a:,FR
2730,DATANÕTADEU,datano~tadOY,no~,FR
2731,ATËÜTTADAU,QatE~YtadaU,E~Y,FR
2732,DATAHÃTADEU,dataha~tadOY,ha~,FR
2733,DATEIÕTADEU,datEIo~tadOY,EIo~,FR
2734,DATASËTADEU,datasE~tadOY,sE~,ENG/FR
2735,DATATÃTADEU,datata~tadOY,ta~,FR
2736,ATËÖTTADAU,QatE~9tadaU,E~9,FR
2737,ATÕRADEU,Qato~radOY,o~r,FR
2738,ATÃMADEU,Qata~madOY,a~m,FR/ENG
2739,DATUËTADEU,datUE~tadOY,UE~,FR
2740,ADÕ ADAI,Qado~QadaI,o~Q,FR
2741,DATAIÕTADEU,dataIo~tadOY,aIo~,FR
2742,DATÃËTADEU,data~E~tadOY,a~E~,FR
2743,DATAPFËTADEU,datapfE~tadOY,pfE~,FR/FR
2744,DATALÃTADEU,dataLa~tadOY,La~,FR
2745,ATÕJADEU,Qato~jadOY,o~j,ENG/FR
2746,DATAFÃTADEU,datafa~tadOY,fa~,FR
2747,ATAPFRADEU,Qatapfra:daU,pfr,FR
2748,DATASÕTADEU,datazo~tadOY,zo~,ENG
2749,DATÜHÕTADEU,daty:o~tadOY,y:o~,FR
2750,DATADÕTADEU,datado~tadOY,do~,FR
2751,ADISSADË,QadIsadE~,E~*,FR
2752,PATÃGADAU,pata~gadaU,a~g,FR
2753,ATÃLADEU,Qata~ladOY,a~l,FR
2754,DATAËTADEU,dataE~tadOY,aE~,FR
2755,DATOÕTADEU,datOo~tadOY,Oo~,FR
2756,DATÕÖHTADEU,dato~2:tadOY,o~2:,FR
2757,DATÕÜHTADEU,dato~y:tadOY,o~y:,FR
2758,DATËÜHTADEU,datE~y:tadOY,E~y:,FR
2759,DATASCHÃTADEU,dataSa~tadOY,Sa~,FR
2760,PATËFADAU,patE~fadaU,E~f,FR
2761,ATËLADEU,QatE~LadOY,E~L,FR
2762,ADËSCHADAI,QadE~SadaI,E~S,FR/ENG
2763,ADÃOUTADEU,Qada~@UtadOY,a~@U,FR
2764,ATÃUTTADAU,Qata~UtadaU,a~U,FR/ENG
2765,DATATÕTADEU,datato~tadOY,to~,FR
2766,ATÃCHADEU,Qata~xadOY,a~x,FR
2767,ATËMADEU,QatE~madOY,E~m,FR
2768,DATASÕTADEU,dataso~tadOY,so~,FR
2769,ADËWADAI,QadE~wadaI,E~w,FR
2770,ATAFRADEU,QatafRadOY,fR,FR/ENG
2771,DATALÃTADEU,datala~tadOY,la~,DE
2772,ADÕSCHADAI,Qado~ZadaI,o~Z,FR
2773,DATOÃTADEU,datOa~tadOY,Oa~,FR
2774,DATAPÃTADEU,datapa~tadOY,pa~,FR
2775,ATÕOUTADEU,Qato~@UtadOY,o~@U,FR
2776,ATÃLADEU,Qata~LadOY,a~L,FR/ENG
2777,DATARËTADEU,dataRE~tadOY,RE~,FR/ENG
2778,DATEHËTADEU,date:E~tadOY,e:E~,FR
2779,DATÖÕTADEU,dat9o~tadOY,9o~,FR
2780,DATATHÃTADEU,dataDa~tadOY,Da~,FR
2781,DATANGÃTADEU,dataNa~tadOY,Na~,ENG/FR
2782,DATTECHÃTADEU,datECa~tadOY,Ca~,FR
2783,DATAHËTADEU,data:E~tadOY,a:E~,FR
2784,ATTERCHADEU,Qat6CadOY,6C,FR
2785,ATÖCHADEU,Qat9CadOY,9C,DE
2786,ATARCJADEI,QataRCadaI,RC,DE
2787,ATALCHADAI,QatalCadaI,lC,DE
2788,DATAUCHADEU,dataUCadOY,aUC,DE
2789,DATOHCHADAU,dato:CadaU,o:C,DE
2790,ATUCHADEU,Qatu:CadOY,u:C,DE
2791,PATAHCHADAU,pata:CadaU,a:C,DE
2792,PATATZTADAU,patatstadaU,tst,DE
2793,ATIEITTADAU,Qati:ItadaU,i:I,DE
2794,DATUHUTTADAU,datu:UtadaU,u:U,DE
2795,PATATZTZADAU,patatstsadaU,tsts,DE
